words,count,,,군정운영
사업,612,,,인구 5만 자족도시 기반 마련
추진,603,,,지역 성장동력 기업 육성 지역경제 활성화
사업,599,,,차별화 귀농 귀촌 정책 추진 외부인구 유입
추진,428,,,주거 교통 인프라 확충 정주환경 개선
계획,284,,,농업인 행복 지역조성
계획,273,,,농업소득 증대 안전한먹거리 생산기반 구축
지원,262,,,중소농 안정화 생산 유통시장 다변화
시설,247,,,사회적가치 농업경제 육성
신규,239,,,농촌형 스마트농업 지역대표 특화작목 육성
사업비,237,,,최고수준 건강 100세 복지모델
조성,231,,,어린이 어르신 사각지대 통합돌봄시스템
필요,206,,,농촌형 복지정책
지역,204,,,공공의료 기능강화 수요자중심 의료서비스체계
완료,201,,,통합돌봄 공공의료 농촌협약 통합추진 청양형 복지모델
연계,199,,,관광객500만명 칠갑호 천장호 장곡지구 문화 관광 휴양도시
지역,199,,,지역자원 차별화 관광지개발 관광인프라
조성,191,,,문화예술 스포츠마케팅 지역축제 관광산업 활성화
지원,188,,,주민중심 지역공동체 활성화
소요,183,,,읍면주민자치회 역량강화 주민자치발전
환경,181,,,청양 스마트청양운동 고향사랑기부제
운영,180,,,행정참여 군민화합 군민화합축제
시설,171,,,민선7기 미래 청양의꿈 희망
분야,159,,,경기침체 저출산 고령화 인구감소 지역소멸 위기극복
운영,154,,,주요사업 정책발굴 인구5만 자족도시
공사,149,,,역대최대 최대규모 예산확보
군비,140,,,공모사업 국비사업 민간자본유치 가르치는지차체 성장 통합돌봄 선도사업 고령자복지주택 융복합사업 전국확산 푸드플랜 주민자치 마을만들기 청년정책 도단위 기관최대유치 지역성장 성장발판 충남사회적경제혁신타운 충남기후환경교육원 충남학생건강증진통합교육체험관
효과,140,,,선도농업군 농특산물 공동브랜드 칠갑마루 전국5대브랜드 푸드플랜 먹거리종합타운 지역활성화재단 청양먹거리직매장 대전유성점 통합형중간지원조직 기획생산 농가육성 농산물 기준가격보장제 군수품질인증제 지역먹거리 청소년 청년 청년의해 청년수당 청춘거리 쉐어하우스 누구나가게 2주살기 청년프로그램
현황,138,,,민간자본 최대규모 유치 성장동력사업 일반산업단지 비봉면 민간자본 골프장 파크골프장 남양면 구봉광산 108홀 민간아파트 청양읍 하반기 기업유치 농공단지
기대,137,,,보건의료원 의료서비스기관 최신의료장비 건강검진센터 5대암검진 암검진수검률 무료혈액종합검진 폐CT 찾아가는의료원 방문진료 충남최초 외래진료 환자증가 
구축,135,,,정주여건 삶의질향상 군민 공공임대주택 임대주택공급 교월리 고령자복지주택 서정리 도시가스 청양읍 일반농산어촌 농촌중심지 기초생활거점 농촌협약 돌봄센터 빈집정비 다목적센터 화물차 공영차고지 친환경에너지타운 청양읍 도로정비 도로확충 고속도로 
주민,133,,,인구 5만 자족도시 기반 마련
청양군,131,,,"충남사회적경제혁신타운, 충남기후환경교육원 충남 학생건강증진통합교육체험관"
설치,126,,,대규모 산업단지 지역 성장동력
센터,120,,,"일반산업단지 민간개발방식 충남소방복합시설 대규모 민간자본 골프장 파크골프장 민간아파트 기업유치 지역일자리 안정 추진체계 청양군 일자리종합플랫폼 농촌맞춤형 플랫폼 지역공동근로복지기금 법인설립 법인출연 귀농귀촌지원 지역정착 귀농귀촌 통합정보시스템 통합정보 쌍방향소통 귀농귀촌 안정정착 창업농 성공 지원사업 귀농인의집, 농업창업보육센터 정주여건 스마트복합쉼터 공공임대주택"
구축,119,,,도시가스 도시재생뉴딜사업 취약지역 생활여건개조사업 교월2리 미당1리 화양1리 인양리 화물자동차 공영차고지 광역상수도 비상공급망 운곡 청양 대치 정산 안전 쾌적 교통망 확충 매산리 군량리 면도 102호 확포장 형산리 군도7호 위험도로 개량공사 죽림교 재가설 회전교차로 지천 지곡 용천 신정리 리도201호 확포장 청수리 자동염수분사장치 도로정비평가 전국우수 도최우수 농촌개발사업 역량강화 일자리창출 농촌신활력플러스사업 사회적경제조직
설계,116,,,사회적공동체 특화단지 도농교류 거점시설 기후대응 환경사업 친환경에너지타운 생활폐기물 소각시설 자원순환처리장 복합센터 재활용선별장 휴게시설 현대화사업 
용역,115,,,농업인 행복한지역
관리,113,,,푸드플랜 전국최고 시스템구축 벤치마킹 지역활성화재단 먹거리종합타운 대전직매장 기획생산체계 기준가격보장제 군수품질인증제 한국정책학회 한국정책상 농림축산식품부 로컬푸드 농축산물
주요,111,,,유통 가공 기반확대 가격경쟁력 농특산물 유통 수출 활성화 청양더한우 브랜드개발 청양구기자 산업 활력화 명품화 청양구기자 농촌융복합산업지구 조성사업 구기자 산지유통센터 조성 먹거리종합타운 디지털 농업기반 조성 청양형스마트농업 청년맞춤 임대형 스마트팜 비대면 통합관제시스템 전국최초 농가맞춤 스마트팜 관제프로그램 시설과채 농가 기술지도 멘토링 농촌지역 개발사업
현황,110,,,농촌협약 기초생활거점조성사업 농촌신활력플러스사업 사회적공동체특화단지조성사업 고추문화마을 농촌중심지활성화사업 농촌공간정비사업 국가균형발전사업 우수기관 농식품부 행복농촌만들기 남양면 농협 지역혁신모델 칠갑마루 먹거리상생센터
농업,109,,,안정적 농업 경영기반 자연재난 피해지원 집중호우 피해농가 소득보전 지원금 공익형직물제 농어민수당지원 고추 벼 농업보조 비율상향 다목적 농촌용수개발사업 원예단지 용수체계구축 외국인근로자기숙사
복지,107,,,"100세복지모델 복지기반시설 가족문화센터 정산다목적복지관 청년 어르신 공간마련 청년의해 청소년재단 청소년의날 청소년재단 청년LAB 블루쉽하우스 누구나가게 회의실 쉐어하우스 누구나가게 내일이U센터 반값점포, 북카페"
개선,106,,,함께살아U센터 청년주거공간 전국기초단체최초 청년수당 청년친화헌정대상 종합대상 평생학습관 가족문화센터 복합화 청양군 다목적회관 
기간,104,,,소외계층 돌봄버스비 지역사회 통합돌봄 선도사업 고령자복지주택 보건복지부 모범사업선정 노인통합돌봄 고령자복지주택 융복합사업
선정,104,,,장애인 장애인복지 복지증진 권익향상 장애인회관
내용,102,,,보건의료원 공공의료기관 전문의채용 최신의료장비 검진센터 5대암검진 무료혈액종합검진 폐CT검사
준공,102,,,찾아가는의료원 방문진료사업 보건의료원 외래진료 환자증가 보건의료원 주차타워 읍면보건지소 보건진료소 리모델링 정산보건지소
정책,101,,,의료 시장형 읍면순환버스
지구,101,,,관광객 500만명시대
기관,99,,,중장기 관광개발 청수진 관광종합개발계획 관광기본계획 중장기 관광거점발굴 확장방향정립
청양군,99,,,칠갑산중심 칠갑산 3대권역 개발 칠갑호 천장호 장곡지구 칠갑타워 칠갑호 관광자원 칠갑호 관광거점 칠갑호 수상관광 천장호 생태관광 기반구축 천장알프스지구 관광인프라 알프스로가는하늘길 장곡천 수변생태 체험파크 백제문화체험박물관 진입로 확포장 백제문화체험박물관 콘텐츠강화
개선,98,,,지역자원 역사자원 관광지 개발 선비충의문화관 모덕사 사회적공동체특화단지 고추문화마을 관광 체험 힐링 중부권 복합타운 우산성 우산성복원 우산어린이테마숲 어린이테마숲 청양읍 반려동물 반려동물놀이공원 자연치유센터 어린이백제체험관
복지,98,,,스포츠마케팅 체육대회 전문체육대회 지역경제
앞,98,,,차별화 관광마케팅 민간관광 관광캐릭터 청양이 관광홍보 우리동네캐릭터 청양이 관광두레 민간관광육성 관광두레 역량강화 소규모축제 지역별축제 민간관광네트워킹 우수두레 우수관광두레 
단위,96,,,지역공동체 스마트청양 범군민운동 지역경제선순환 주민참여 소통행정 군민대토론회 연두순방 찾아가는이동군수실 상임이장회의 주민참여예산제 국민행복민원실 민원서비스 종합평가 우수기관 정책자문위원회 정책특별보좌관 주민배심원 공약이행 평가단
실시,96,,,확력 주민자치 동네자치 청양혁신플랫폼 주민소통공간 주민자치회 매니페스토 우수사례 평생학습 평생학습프로그램 평생학습센터 대치 정산 남양 목면 장평면 슬기로운노후생활 평생학습도시
성과,95,,,수요자중심 맞춤형교육 기획력제고 마음치유교육 직무교육 평생학습프로그램 정보화교육 탑클래스학습지원 온라인학습콘텐츠 멘토링 청년친화정책
활성,94,,,공동체활성화 청년수당 청년갭이어 청년월세지원 청년쉐어하우스 청년창업공간 누구나가게 블루쉽점 정산점 청년친화헌정대상 청양사랑기부제 성공적 정착기반 
교육,93,,,저출산 고령화 인구감소 지역소멸위기 핵심 성장동력 인구5만 자족도시 농업인 행복한지역 균형발전 지방소멸기금 산림자원연구소
관리,93,,,칠갑마루 푸드플랜 먹거리체계 소득증대 건강 100세 복지모델 통합돌봄 고령자복지주택 공공의료 농촌협약 관광객500만명 칠갑호 3대권역 문화 관광 휴양도시 지역공동체 행정참여 스마트청양 범군민 지역공동체 민관거버넌스 군민참여 군민체육시설 버스터미널이전 인구소멸 위험지역 삶의질 향상
문화,92,,,
강화,92,,,
환경,92,,,
주민,91,,,
농업,90,,,
확대,90,,,
예산,89,,,
문화,89,,,
활성,87,,,
평가,86,,,
지방,83,,,
확보,83,,,
방향,82,,,
대책,80,,,
변경,80,,,
유치,79,,,
주요,78,,,
활용,78,,,
도시,77,,,
기반,77,,,
홍보,77,,,
개발,76,,,
문제점,75,,,
관광,74,,,
행정,74,,,
수립,73,,,
조사,73,,,
증가,71,,,
건립,71,,,
착공,71,,,
대상,70,,,
확대,70,,,
안전,69,,,
수립,69,,,
강화,68,,,
사회,68,,,
행정,68,,,
제공,67,,,
귀01,67,,,
시스템,66,,,
홍보,66,,,
우수,66,,,
확보,65,,,
기간,65,,,
농촌,65,,,
체계,64,,,
마트,64,,,
착수,64,,,
서비스,62,,,
정비,62,,,
마트,61,,,
인구,61,,,
경제,61,,,
공급,61,,,
사회,61,,,
지속,61,,,
청년,61,,,
필요,61,,,
교육,60,,,
군민,60,,,
기본,60,,,
도시,60,,,
종합,60,,,
분야,59,,,
안전,58,,,
계층,57,,,
발굴,57,,,
업무,57,,,
취약,57,,,
정책,57,,,
경제,56,,,
관광,56,,,
농가,56,,,
사업비,56,,,
설치,56,,,
제공,56,,,
투자,56,,,
협의,56,,,
마을,55,,,
건축,55,,,
단위,55,,,
마을,55,,,
예산,55,,,
충남,55,,,
관련,54,,,
복구,54,,,
통합,54,,,
발생,53,,,
재난,53,,,
정보,53,,,
기업,53,,,
인구,53,,,
자원,52,,,
기반,51,,,
지정,50,,,
발굴,50,,,
복합,50,,,
농가,49,,,
시책,49,,,
달성,49,,,
서비스,49,,,
주택,49,,,
공간,48,,,
민원,48,,,
제고,48,,,
전국,48,,,
참여,47,,,
공간,47,,,
기준,47,,,
신청,47,,,
안정,47,,,
가구,46,,,
시스템,46,,,
증가,46,,,
체계,46,,,
청양읍,46,,,
가능,45,,,
공원,45,,,
단지,45,,,
예정,45,,,
정산,45,,,
대응,44,,,
생활,44,,,
통합,44,,,
생활,44,,,
조사,44,,,
참여,44,,,
사항,43,,,
유치,43,,,
검토,43,,,
공공,43,,,
공모,43,,,
읍01,43,,,
개발,42,,,
건강,42,,,
기타,42,,,
변화,42,,,
실시,42,,,
증대,42,,,
충남,42,,,
대응,42,,,
업무,42,,,
군민,41,,,
예방,41,,,
대상,41,,,
민원,41,,,
재해,41,,,
확충,41,,,
가공,40,,,
가족,40,,,
이용,40,,,
정비,40,,,
향상,40,,,
군06,40,,,
인증,40,,,
기업,39,,,
농촌,39,,,
업소,39,,,
연계,39,,,
타운,39,,,
생산,38,,,
부지,38,,,
시행,38,,,
중심,38,,,
센터,37,,,
용역,37,,,
이상,37,,,
농04,37,,,
신축,37,,,
육성,37,,,
이행,37,,,
전략,37,,,
처리,37,,,
체험,37,,,
국가,36,,,
노인,36,,,
개최,36,,,
목표,36,,,
자치,36,,,
절차,36,,,
축제,36,,,
학습,36,,,
활용,36,,,
향후,35,,,
다양,34,,,
주택,34,,,
단계,34,,,
발전,34,,,
역량,34,,,
일원,34,,,
정보,34,,,
회관,34,,,
구분,33,,,
재해,33,,,
주거,33,,,
지급,33,,,
먹거리,33,,,
분석,33,,,
산업,33,,,
하천,33,,,
쌀,32,,,
청년,32,,,
해소,32,,,
점10,32,,,
주차,32,,,
중점,32,,,
토지,32,,,
피해,32,,,
행복,32,,,
감소,31,,,
규모,31,,,
기존,31,,,
일자리,31,,,
지속,31,,,
장19,31,,,
과제,31,,,
규모,31,,,
농산물,31,,,
보수,31,,,
세대,31,,,
신규,31,,,
재정,31,,,
공동체,30,,,
보완,30,,,
브랜드,30,,,
조서,30,,,
편의,30,,,
공동체,30,,,
관내,30,,,
군비,30,,,
단체,30,,,
연속,30,,,
의료,30,,,
적극,30,,,
정주,30,,,
조직,30,,,
공공,29,,,
관련,29,,,
군정,29,,,
기준,29,,,
기후,29,,,
동물,29,,,
보호,29,,,
시장,29,,,
신속,29,,,
종합,29,,,
기금,29,,,
맞춤,29,,,
보건,29,,,
사용,29,,,
승인,29,,,
일자리,29,,,
혁신,29,,,
맛,28,,,
맞춤,28,,,
선정,28,,,
위험,28,,,
피해,28,,,
청,28,,,
대비,28,,,
사항,28,,,
상수도,28,,,
생산,28,,,
위원회,28,,,
인력,28,,,
지연,28,,,
진행,28,,,
대비,27,,,
민간,27,,,
비계,27,,,
악취,27,,,
처리,27,,,
축산,27,,,
프로그램,27,,,
현장,27,,,
활동,27,,,
힐01,27,,,
가능,27,,,
거점,27,,,
공동,27,,,
공약,27,,,
공원,27,,,
매입,27,,,
산림,27,,,
칠갑,27,,,
팀01,27,,,
향상,27,,,
공동,26,,,
단체,26,,,
사용,26,,,
산업,26,,,
안정,26,,,
인력,26,,,
인증,26,,,
자치,26,,,
장애인,26,,,
건강,26,,,
고령,26,,,
수상,26,,,
심의,26,,,
일01,26,,,
지표,26,,,
친화,26,,,
포장,26,,,
후08,26,,,
고추,25,,,
공약,25,,,
기본,25,,,
단지,25,,,
보급,25,,,
비용,25,,,
상담,25,,,
전략,25,,,
집중,25,,,
환급,25,,,
계약,25,,,
고추,25,,,
공정,25,,,
기능,25,,,
실적,25,,,
위험,25,,,
임대,25,,,
입주,25,,,
점검,25,,,
집중,25,,,
협력,25,,,
버스,24,,,
수요,24,,,
신청,24,,,
육성,24,,,
의료,24,,,
전문,24,,,
투자,24,,,
기존,24,,,
방안,24,,,
소멸,24,,,
소방,24,,,
양05,24,,,
재난,24,,,
정착,24,,,
협약,24,,,
계속,23,,,
관광객,23,,,
기능,23,,,
방안,23,,,
방지,23,,,
식재,23,,,
아동,23,,,
여건,23,,,
위기,23,,,
인프라,23,,,
일원,23,,,
중심,23,,,
행복,23,,,
기술,23,,,
등급,23,,,
상황,23,,,
심사,23,,,
업02,23,,,
에너,23,,,
직06,23,,,
집행,23,,,
건축,22,,,
관내,22,,,
긴급,22,,,
대상자,22,,,
방문,22,,,
보건,22,,,
절차,22,,,
확인,22,,,
미14,22,,,
건의,22,,,
곡05,22,,,
국가,22,,,
부서,22,,,
지정,22,,,
추가,22,,,
활동,22,,,
충청남도,22,,,
농04,21,,,
농산물,21,,,
면사무소,21,,,
문제점,21,,,
반려,21,,,
부동산,21,,,
부서,21,,,
사랑,21,,,
사전,21,,,
시설물,21,,,
안내,21,,,
영농,21,,,
창출,21,,,
감소,21,,,
계01,21,,,
고령,21,,,
근로,21,,,
기획,21,,,
노후,21,,,
보완,21,,,
보조,21,,,
취약,21,,,
평생,21,,,
프로,21,,,
호우,21,,,
확정,21,,,
회의,21,,,
가정,20,,,
각종,20,,,
개인,20,,,
건립,20,,,
도입,20,,,
목표,20,,,
발전,20,,,
방법,20,,,
배경,20,,,
보강,20,,,
부지,20,,,
사각지대,20,,,
소득,20,,,
시행,20,,,
자원,20,,,
재생,20,,,
충전,20,,,
취득,20,,,
컨설팅,20,,,
관계,20,,,
기초,20,,,
내용,20,,,
다양,20,,,
등록,20,,,
민선,20,,,
부족,20,,,
사례,20,,,
시설,20,,,
시장,20,,,
신속,20,,,
운06,20,,,
유지,20,,,
자연,20,,,
제고,20,,,
제작,20,,,
조례,20,,,
창출,20,,,
허가,20,,,
공무원,19,,,
공유,19,,,
기관,19,,,
꽃,19,,,
보훈,19,,,
부담,19,,,
상황,19,,,
상황실,19,,,
요구,19,,,
정산,19,,,
제작,19,,,
증진,19,,,
칠갑,19,,,
가구,19,,,
가족,19,,,
급수,19,,,
대회,19,,,
소통,19,,,
이전,19,,,
전문,19,,,
감면,18,,,
고령,18,,,
구입,18,,,
구기자,18,,,
기초,18,,,
분석,18,,,
수당,18,,,
실현,18,,,
어린이,18,,,
요금,18,,,
위치,18,,,
이미지,18,,,
자동,18,,,
자료,18,,,
정주,18,,,
지구,18,,,
행사,18,,,
허가,18,,,
화단,18,,,
효율,18,,,
협,18,,,
건설,18,,,
경영,18,,,
관01,18,,,
구성,18,,,
마케,18,,,
발생,18,,,
발주,18,,,
보고,18,,,
브랜,18,,,
빈집,18,,,
사전,18,,,
선별,18,,,
업체,18,,,
역사,18,,,
재생,18,,,
처02,18,,,
최고,18,,,
타워,18,,,
토03,18,,,
현장,18,,,
효율,18,,,
검진,17,,,
검토,17,,,
경관,17,,,
고향,17,,,
공모,17,,,
대표,17,,,
명예,17,,,
무료,17,,,
반영,17,,,
변경,17,,,
사진,17,,,
시범,17,,,
에어컨,17,,,
예술,17,,,
유도,17,,,
임대,17,,,
조직,17,,,
중요,17,,,
지적,17,,,
확충,17,,,
문01,17,,,
민02,17,,,
균형,17,,,
보강,17,,,
사08,17,,,
소득,17,,,
예방,17,,,
위01,17,,,
이용,17,,,
자치,17,,,
지소,17,,,
품목,17,,,
플랫,17,,,
행사,17,,,
활력,17,,,
대치면,17,,,
칠갑산,17,,,
구간,16,,,
구성,16,,,
근로자,16,,,
마음,16,,,
배출,16,,,
산불,16,,,
성장,16,,,
소통,16,,,
실시간,16,,,
에너지,16,,,
여성,16,,,
완료,16,,,
유산,16,,,
작물,16,,,
저감,16,,,
적극,16,,,
전국,16,,,
접수,16,,,
폐기물,16,,,
포함,16,,,
대치,16,,,
정05,16,,,
가격,16,,,
각종,16,,,
군정,16,,,
기자,16,,,
농어,16,,,
량01,16,,,
모델,16,,,
모델,16,,,
반영,16,,,
방향,16,,,
영농,16,,,
유통,16,,,
인프,16,,,
일반,16,,,
재활,16,,,
조정,16,,,
지적,16,,,
특화,16,,,
평03,16,,,
해소,16,,,
정산면,16,,,
경로당,15,,,
기부,15,,,
기여,15,,,
납부,15,,,
노후,15,,,
부족,15,,,
불편,15,,,
사업장,15,,,
식품,15,,,
업체,15,,,
역사,15,,,
위탁,15,,,
유지,15,,,
유통,15,,,
임시,15,,,
재배,15,,,
재산,15,,,
전기,15,,,
절감,15,,,
주변,15,,,
지방세,15,,,
진행,15,,,
참전,15,,,
토지,15,,,
양구,15,,,
가정,15,,,
다목,15,,,
대치,15,,,
면적,15,,,
민간,15,,,
반려,15,,,
비율,15,,,
산정,15,,,
설명,15,,,
성장,15,,,
의견,15,,,
자료,15,,,
자문,15,,,
장애,15,,,
정성,15,,,
주거,15,,,
지자,15,,,
진료,15,,,
최종,15,,,
하반,15,,,
한우,15,,,
협의,15,,,
가치,14,,,
결정,14,,,
경영,14,,,
관계,14,,,
근무,14,,,
농기계,14,,,
누수,14,,,
단계,14,,,
대기,14,,,
대여,14,,,
민선,14,,,
복원,14,,,
삶,14,,,
상수도,14,,,
상품,14,,,
수거,14,,,
전통,14,,,
조명,14,,,
지방,14,,,
캠핑,14,,,
파악,14,,,
품질,14,,,
학년,14,,,
한우,14,,,
회계,14,,,
회용,14,,,
개별,14,,,
건물,14,,,
검사,14,,,
결과,14,,,
교03,14,,,
구15,14,,,
놀이,14,,,
다리,14,,,
대상,14,,,
대표,14,,,
동물,14,,,
링01,14,,,
방문,14,,,
보급,14,,,
보상,14,,,
사랑,14,,,
산불,14,,,
상생,14,,,
상승,14,,,
상향,14,,,
수당,14,,,
쉼터,14,,,
시책,14,,,
실현,14,,,
어린,14,,,
위치,14,,,
중앙,14,,,
최초,14,,,
토양,14,,,
남양면,14,,,
경우,13,,,
고품질,13,,,
국토,13,,,
누락,13,,,
대규모,13,,,
먹거리,13,,,
면민,13,,,
보수,13,,,
산림,13,,,
소멸,13,,,
숲,13,,,
시간,13,,,
신고,13,,,
연중,13,,,
유입,13,,,
응답,13,,,
자연,13,,,
장례,13,,,
장소,13,,,
참고,13,,,
청정,13,,,
추가,13,,,
친화,13,,,
투어,13,,,
특색,13,,,
특성,13,,,
해결,13,,,
향후,13,,,
협의,13,,,
활력,13,,,
동,13,,,
광역,13,,,
매설,13,,,
목01,13,,,
법인,13,,,
부과,13,,,
부여,13,,,
스포,13,,,
시구,13,,,
어려,13,,,
업소,13,,,
위생,13,,,
이월,13,,,
이후,13,,,
장비,13,,,
재단,13,,,
적용,13,,,
제출,13,,,
창업,13,,,
청소,13,,,
체결,13,,,
체육,13,,,
축산,13,,,
특별,13,,,
판매,13,,,
공급,12,,,
교통,12,,,
글,12,,,
납세자,12,,,
능력,12,,,
대형,12,,,
명소,12,,,
문자,12,,,
사업소,12,,,
수행,12,,,
역량,12,,,
연구,12,,,
예정,12,,,
외부,12,,,
이용객,12,,,
이장,12,,,
장례식,12,,,
장비,12,,,
정화,12,,,
조기,12,,,
철쭉,12,,,
체험,12,,,
포인트,12,,,
호우,12,,,
개축,12,,,
과정,12,,,
구역,12,,,
기부,12,,,
노인,12,,,
농기,12,,,
대상,12,,,
마루,12,,,
모집,12,,,
배수,12,,,
소요,12,,,
수해,12,,,
수행,12,,,
식품,12,,,
암08,12,,,
연구,12,,,
영향,12,,,
월02,12,,,
이상,12,,,
재조,12,,,
증진,12,,,
징수,12,,,
최소,12,,,
표창,12,,,
확산,12,,,
행안부,12,,,
화성면,12,,,
개정,11,,,
개최,11,,,
거점,11,,,
결과,11,,,
근거,11,,,
금액,11,,,
기금,11,,,
기업체,11,,,
기회,11,,,
농어촌,11,,,
등산,11,,,
만족도,11,,,
면적,11,,,
모바일,11,,,
발송,11,,,
소비자,11,,,
쉼터,11,,,
시대,11,,,
여름,11,,,
연간,11,,,
예01,11,,,
예시,11,,,
요리,11,,,
위생,11,,,
일01,11,,,
저소득,11,,,
전자,11,,,
전화,11,,,
정착,11,,,
중장기,11,,,
진입,11,,,
차량,11,,,
축제,11,,,
하우스,11,,,
회의,11,,,
기10,11,,,
남양,11,,,
비,11,,,
원봉,11,,,
조성,11,,,
청양,11,,,
교체,11,,,
구조,11,,,
기업,11,,,
기여,11,,,
내부,11,,,
노력,11,,,
당초,11,,,
도입,11,,,
민원,11,,,
복지,11,,,
부담,11,,,
불가,11,,,
선도,11,,,
소독,11,,,
소비,11,,,
순환,11,,,
연면,11,,,
연장,11,,,
용09,11,,,
유관,11,,,
정기,11,,,
치유,11,,,
하수,11,,,
학생,11,,,
합01,11,,,
화성,11,,,
확장,11,,,
양구,11,,,
계약,10,,,
구조,10,,,
기계,10,,,
기술,10,,,
내역,10,,,
놀이,10,,,
담당자,10,,,
독,10,,,
미망인,10,,,
민원인,10,,,
병해충,10,,,
봄,10,,,
사계절,10,,,
사고,10,,,
사례,10,,,
사무실,10,,,
상시,10,,,
생성,10,,,
송아지,10,,,
수급,10,,,
수용,10,,,
실무,10,,,
양육,10,,,
예상,10,,,
우산,10,,,
인건비,10,,,
인식,10,,,
자동차,10,,,
자체,10,,,
재정지,10,,,
점검,10,,,
조례,10,,,
준공,10,,,
지자체,10,,,
진료,10,,,
질환,10,,,
착수,10,,,
청춘,10,,,
체류,10,,,
최소,10,,,
최초,10,,,
출동,10,,,
표지,10,,,
플랫폼,10,,,
구08,10,,,
정산,10,,,
조08,10,,,
가치,10,,,
감면,10,,,
국민,10,,,
기숙,10,,,
네트,10,,,
농공,10,,,
문화,10,,,
보장,10,,,
비용,10,,,
사업,10,,,
소각,10,,,
수리,10,,,
수시,10,,,
수용,10,,,
수입,10,,,
신설,10,,,
연구,10,,,
외국,10,,,
요구,10,,,
유도,10,,,
음04,10,,,
인근,10,,,
자재,10,,,
재산,10,,,
전체,10,,,
전환,10,,,
정리,10,,,
준비,10,,,
증대,10,,,
지방,10,,,
지상,10,,,
직원,10,,,
진입,10,,,
차별,10,,,
청렴,10,,,
체납,10,,,
최대,10,,,
컵,10,,,
특,10,,,
폐기,10,,,
포함,10,,,
품질,10,,,
학교,10,,,
홈페,10,,,
회용,10,,,
비봉면,10,,,
장평면,10,,,
환경부,10,,,
개별,9,,,
개요,9,,,
거리,9,,,
게시판,9,,,
골프장,9,,,
내판,9,,,
대상지,9,,,
대회,9,,,
마늘,9,,,
마케팅,9,,,
명품,9,,,
법률,9,,,
병04,9,,,
보장,9,,,
산지,9,,,
산출,9,,,
상승,9,,,
선제,9,,,
선포,9,,,
설계,9,,,
성공,9,,,
세탁소,9,,,
소외,9,,,
속01,9,,,
승강장,9,,,
시설비,9,,,
신축,9,,,
안내문,9,,,
안전망,9,,,
어려움,9,,,
연결,9,,,
오염,9,,,
요청,9,,,
용도,9,,,
용역비,9,,,
용품,9,,,
월02,9,,,
위원회,9,,,
음성,9,,,
음식점,9,,,
의식,9,,,
일반,9,,,
자리,9,,,
적용,9,,,
적정,9,,,
전문가,9,,,
정확,9,,,
제단,9,,,
제도,9,,,
제외,9,,,
직원,9,,,
차별,9,,,
채널,9,,,
체육,9,,,
타운,9,,,
태블릿,9,,,
테마,9,,,
퇴02,9,,,
특산물,9,,,
특화,9,,,
판매,9,,,
패스,9,,,
하수도,9,,,
협약,9,,,
홈01,9,,,
회원,9,,,
휠체어,9,,,
비봉,9,,,
칠갑,9,,,
가공,9,,,
개정,9,,,
검정,9,,,
검진,9,,,
결정,9,,,
계층,9,,,
고향,9,,,
공유,9,,,
국유,9,,,
농지,9,,,
단축,9,,,
대규,9,,,
디지,9,,,
만족,9,,,
목표,9,,,
미흡,9,,,
방07,9,,,
사각,9,,,
산지,9,,,
상품,9,,,
생활,9,,,
서부,9,,,
세부,9,,,
수렴,9,,,
시범,9,,,
시험,9,,,
온라,9,,,
우산,9,,,
이장,9,,,
자체,9,,,
저조,9,,,
종13,9,,,
지도,9,,,
철거,9,,,
특색,9,,,
편성,9,,,
편의,9,,,
하수,9,,,
현대,9,,,
협업,9,,,
환급,9,,,
효과,9,,,
휴양,9,,,
비봉,9,,,
조성,9,,,
충남도,9,,,
한국,9,,,
행정안전부,9,,,
화성,9,,,
경험,8,,,
공동생활,8,,,
공영,8,,,
과제,8,,,
관광지,8,,,
구입비,8,,,
군내,8,,,
급여,8,,,
길01,8,,,
꽃길,8,,,
농공,8,,,
달성,8,,,
도모,8,,,
동서,8,,,
등록,8,,,
마루,8,,,
매트,8,,,
목욕,8,,,
문제,8,,,
물빛,8,,,
물질,8,,,
미용,8,,,
방학,8,,,
배01,8,,,
벚꽃,8,,,
별빛,8,,,
보조금,8,,,
세무,8,,,
수준,8,,,
수집,8,,,
여행,8,,,
완화,8,,,
유공자,8,,,
이동,8,,,
저온,8,,,
전용,8,,,
전환,8,,,
주차장,8,,,
중개,8,,,
중개업자,8,,,
집01,8,,,
청소,8,,,
출산,8,,,
콘텐츠,8,,,
통화,8,,,
트레일,8,,,
파01,8,,,
펜스,8,,,
포장,8,,,
하천,8,,,
합01,8,,,
협력,8,,,
협상,8,,,
협업,8,,,
협의회,8,,,
협조,8,,,
규,8,,,
노09,8,,,
마일,8,,,
운곡,8,,,
가축,8,,,
개량,8,,,
개요,8,,,
건수,8,,,
건축,8,,,
경관,8,,,
경로,8,,,
공고,8,,,
관광,8,,,
광01,8,,,
교부,8,,,
군부,8,,,
규제,8,,,
길01,8,,,
내실,8,,,
농약,8,,,
누적,8,,,
단가,8,,,
망06,8,,,
매장,8,,,
매출,8,,,
명칭,8,,,
모금,8,,,
무인,8,,,
미래,8,,,
번지,8,,,
벚꽃,8,,,
변화,8,,,
보조,8,,,
불편,8,,,
삶,8,,,
상공,8,,,
상담,8,,,
설립,8,,,
성공,8,,,
세원,8,,,
수요,8,,,
승격,8,,,
실천,8,,,
역14,8,,,
연구,8,,,
완화,8,,,
외부,8,,,
우08,8,,,
운동,8,,,
운전,8,,,
이용,8,,,
일부,8,,,
자립,8,,,
자족,8,,,
작업,8,,,
장기,8,,,
재배,8,,,
재원,8,,,
전통,8,,,
접근,8,,,
접수,8,,,
제정,8,,,
주차,8,,,
중요,8,,,
지급,8,,,
질08,8,,,
채용,8,,,
출하,8,,,
콘텐,8,,,
탑02,8,,,
테마,8,,,
파01,8,,,
하우,8,,,
휴양,8,,,
국방부,8,,,
금강,8,,,
대전,8,,,
장호,8,,,
감염,7,,,
강사,7,,,
건물,7,,,
계절,7,,,
고도,7,,,
공연,7,,,
공중위생,7,,,
교체,7,,,
대두,7,,,
데이터,7,,,
램05,7,,,
문화유산,7,,,
물품,7,,,
미래,7,,,
배부,7,,,
배지,7,,,
봉투,7,,,
부재,7,,,
부합,7,,,
분뇨,7,,,
비율,7,,,
비장,7,,,
사업자,7,,,
삽입,7,,,
성과,7,,,
세부,7,,,
승격,7,,,
시공,7,,,
앞,7,,,
애로,7,,,
야자,7,,,
어르신,7,,,
역할,7,,,
연구원,7,,,
연령,7,,,
연차,7,,,
영상,7,,,
요건,7,,,
요인,7,,,
우유,7,,,
운06,7,,,
운동,7,,,
위01,7,,,
의자,7,,,
인근,7,,,
일상,7,,,
입구,7,,,
자치회,7,,,
작업,7,,,
작업복,7,,,
재료비,7,,,
재조사,7,,,
저학년,7,,,
적립,7,,,
전담,7,,,
전면,7,,,
절08,7,,,
점10,7,,,
접근,7,,,
조정,7,,,
중심지,7,,,
중점,7,,,
직06,7,,,
진화,7,,,
책01,7,,,
청사,7,,,
청소년,7,,,
청어,7,,,
초01,7,,,
최종,7,,,
특별,7,,,
팀01,7,,,
평03,7,,,
해당,7,,,
향유,7,,,
화성,7,,,
확산,7,,,
확장,7,,,
회복,7,,,
신03,7,,,
양13,7,,,
장평,7,,,
청남,7,,,
충청,7,,,
카카,7,,,
화성,7,,,
화성,7,,,
개조,7,,,
고속,7,,,
골프,7,,,
공영,7,,,
교통,7,,,
극복,7,,,
기후,7,,,
단속,7,,,
목면,7,,,
방지,7,,,
보급,7,,,
보육,7,,,
보호,7,,,
비상,7,,,
사무,7,,,
상반,7,,,
선제,7,,,
세척,7,,,
수급,7,,,
숲01,7,,,
식재,7,,,
실시,7,,,
영상,7,,,
예술,7,,,
용수,7,,,
우수,7,,,
원예,7,,,
위기,7,,,
유산,7,,,
읍내,7,,,
일상,7,,,
입주,7,,,
자율,7,,,
작성,7,,,
전문,7,,,
전용,7,,,
정원,7,,,
조공,7,,,
주도,7,,,
지천,7,,,
집01,7,,,
창구,7,,,
철저,7,,,
청렴,7,,,
체납,7,,,
총사,7,,,
충05,7,,,
캠핑,7,,,
투명,7,,,
특성,7,,,
합계,7,,,
화물,7,,,
힐01,7,,,
고지,7,,,
운영,7,,,
청남면,7,,,
강변,6,,,
개폐,6,,,
건축물,6,,,
결빙,6,,,
고취,6,,,
골목,6,,,
공사,6,,,
관심,6,,,
국정,6,,,
기원,6,,,
기획,6,,,
농장,6,,,
단독,6,,,
돌02,6,,,
동력,6,,,
동산,6,,,
레02,6,,,
매장,6,,,
먼지,6,,,
모니터링,6,,,
모집,6,,,
문구,6,,,
물량,6,,,
미만,6,,,
방문객,6,,,
방제,6,,,
배치,6,,,
번호,6,,,
법인,6,,,
별자리,6,,,
보전,6,,,
보행,6,,,
복합,6,,,
분위기,6,,,
빛,6,,,
사유,6,,,
산사태,6,,,
살균,6,,,
상공인,6,,,
생산자,6,,,
설정,6,,,
센서,6,,,
소유자,6,,,
수목,6,,,
수신,6,,,
순환,6,,,
시골,6,,,
식량,6,,,
심화,6,,,
예술인,6,,,
오토,6,,,
외식,6,,,
요소,6,,,
유일,6,,,
유출,6,,,
의무,6,,,
이동식,6,,,
이재민,6,,,
이전,6,,,
이행,6,,,
인02,6,,,
인상,6,,,
인원,6,,,
일상생활,6,,,
입주,6,,,
자녀,6,,,
자족,6,,,
자투리,6,,,
작성,6,,,
장려금,6,,,
전체,6,,,
정리,6,,,
정밀,6,,,
제거,6,,,
제방,6,,,
제시,6,,,
제출,6,,,
조합,6,,,
조회,6,,,
주관,6,,,
주체,6,,,
중학교,6,,,
지소,6,,,
집행,6,,,
철거,6,,,
초기,6,,,
최대,6,,,
축사,6,,,
충족,6,,,
탁자,6,,,
토03,6,,,
평가,6,,,
평생,6,,,
포유,6,,,
폭염,6,,,
표지판,6,,,
품목,6,,,
학습,6,,,
해01,6,,,
행위,6,,,
형01,6,,,
형태,6,,,
확정,6,,,
휴식,6,,,
군기,6,,,
길07,6,,,
서정,6,,,
중추,6,,,
가치,6,,,
견학,6,,,
계획,6,,,
고부,6,,,
과세,6,,,
관제,6,,,
광고,6,,,
구입,6,,,
구현,6,,,
국토,6,,,
군도,6,,,
권역,6,,,
금02,6,,,
급식,6,,,
기부,6,,,
기타,6,,,
논의,6,,,
당14,6,,,
덕성,6,,,
문제,6,,,
문화,6,,,
발급,6,,,
배치,6,,,
배포,6,,,
벤치,6,,,
보훈,6,,,
복원,6,,,
봄01,6,,,
부가,6,,,
부적,6,,,
분기,6,,,
삭감,6,,,
생활,6,,,
선비,6,,,
세출,6,,,
수요,6,,,
수준,6,,,
숙박,6,,,
시기,6,,,
신고,6,,,
쓰레,6,,,
아이,6,,,
아파,6,,,
악취,6,,,
양성,6,,,
어울,6,,,
연합,6,,,
예상,6,,,
요청,6,,,
원활,6,,,
위탁,6,,,
유입,6,,,
음식,6,,,
인02,6,,,
인원,6,,,
인체,6,,,
인허,6,,,
자연,6,,,
잔류,6,,,
재정,6,,,
저감,6,,,
저온,6,,,
전08,6,,,
전개,6,,,
전시,6,,,
전염,6,,,
정량,6,,,
정부,6,,,
제품,6,,,
주체,6,,,
중금,6,,,
중심,6,,,
증설,6,,,
증액,6,,,
지원,6,,,
지하,6,,,
진단,6,,,
진흥,6,,,
차단,6,,,
책01,6,,,
처리,6,,,
천장,6,,,
청사,6,,,
초01,6,,,
총력,6,,,
총회,6,,,
충족,6,,,
컨설,6,,,
컬02,6,,,
케어,6,,,
토목,6,,,
특산,6,,,
헌정,6,,,
형01,6,,,
형성,6,,,
홀06,6,,,
화장,6,,,
회계,6,,,
효02,6,,,
희망,6,,,
국토부,6,,,
목면,6,,,
백제,6,,,
서정리,6,,,
신흥리,6,,,
향정,6,,,
가동,5,,,
간식,5,,,
감시,5,,,
개설,5,,,
거래,5,,,
건설,5,,,
건의,5,,,
건전,5,,,
경계,5,,,
고려,5,,,
고령자,5,,,
고온,5,,,
골격계,5,,,
곳01,5,,,
과목,5,,,
관리비,5,,,
교03,5,,,
교량,5,,,
교실,5,,,
구강,5,,,
국내,5,,,
기기,5,,,
기숙사,5,,,
남01,5,,,
내일,5,,,
노출,5,,,
농지,5,,,
눈01,5,,,
당14,5,,,
대책,5,,,
대처,5,,,
대학,5,,,
도로,5,,,
도립,5,,,
동네,5,,,
립80,5,,,
매력,5,,,
매입,5,,,
명칭,5,,,
목01,5,,,
무화,5,,,
미세,5,,,
미술관,5,,,
반07,5,,,
발간,5,,,
발주,5,,,
번지,5,,,
법적,5,,,
변환,5,,,
병행,5,,,
보도블록,5,,,
보조,5,,,
복13,5,,,
봉08,5,,,
부문,5,,,
분리수거,5,,,
사료,5,,,
사양,5,,,
사육,5,,,
산책,5,,,
상반,5,,,
상습,5,,,
선별,5,,,
설문,5,,,
설치,5,,,
세탁,5,,,
소비,5,,,
소식,5,,,
소양,5,,,
숙박,5,,,
시가,5,,,
시각,5,,,
시구,5,,,
시기,5,,,
신뢰,5,,,
신청,5,,,
신호,5,,,
실감,5,,,
쓰레,5,,,
양산,5,,,
언어,5,,,
연고,5,,,
예우,5,,,
옹벽,5,,,
우미,5,,,
운영,5,,,
운행,5,,,
원료,5,,,
원화,5,,,
위안,5,,,
유기,5,,,
음악,5,,,
음악,5,,,
응급,5,,,
이용,5,,,
일시,5,,,
일정,5,,,
입소,5,,,
자격,5,,,
자긍,5,,,
자발,5,,,
자산,5,,,
재정,5,,,
재활,5,,,
전08,5,,,
전시,5,,,
정류,5,,,
제한,5,,,
주차,5,,,
중간,5,,,
지연,5,,,
차단,5,,,
처분,5,,,
청소,5,,,
체결,5,,,
초등,5,,,
최고,5,,,
치료,5,,,
클80,5,,,
토목,5,,,
투80,5,,,
트렌,5,,,
특수,5,,,
편찬,5,,,
학술,5,,,
함양,5,,,
행01,5,,,
협력,5,,,
홈페,5,,,
화합,5,,,
회관,5,,,
획02,5,,,
희망,5,,,
국07,5,,,
목면,5,,,
비봉,5,,,
산정,5,,,
신흥,5,,,
원,5,,,
충남,5,,,
회계,5,,,
가동,5,,,
개설,5,,,
개인,5,,,
거리,5,,,
경계,5,,,
경비,5,,,
고려,5,,,
곳01,5,,,
공무,5,,,
공사,5,,,
교량,5,,,
교류,5,,,
구간,5,,,
구분,5,,,
구제,5,,,
근거,5,,,
남01,5,,,
납01,5,,,
내륙,5,,,
농림,5,,,
뉴스,5,,,
다각,5,,,
담당,5,,,
도랑,5,,,
도로,5,,,
도색,5,,,
독려,5,,,
돌02,5,,,
동안,5,,,
등기,5,,,
매01,5,,,
모색,5,,,
묘02,5,,,
무화,5,,,
물01,5,,,
방송,5,,,
방식,5,,,
방역,5,,,
배심,5,,,
배출,5,,,
보전,5,,,
봉08,5,,,
부패,5,,,
분뇨,5,,,
사고,5,,,
사무,5,,,
사용,5,,,
사유,5,,,
사진,5,,,
상시,5,,,
세10,5,,,
소액,5,,,
속01,5,,,
수목,5,,,
수집,5,,,
순방,5,,,
승화,5,,,
시대,5,,,
신09,5,,,
실무,5,,,
실행,5,,,
안건,5,,,
얼02,5,,,
역할,5,,,
연도,5,,,
연차,5,,,
영양,5,,,
예비,5,,,
욕구,5,,,
위촉,5,,,
유수,5,,,
유일,5,,,
의결,5,,,
인건,5,,,
인센,5,,,
입,5,,,
장관,5,,,
재배,5,,,
재산,5,,,
전문,5,,,
정확,5,,,
제도,5,,,
조건,5,,,
조기,5,,,
주관,5,,,
주민,5,,,
주변,5,,,
주제,5,,,
중간,5,,,
중견,5,,,
중복,5,,,
중지,5,,,
증축,5,,,
집수,5,,,
집합,5,,,
창고,5,,,
청구,5,,,
청춘,5,,,
초과,5,,,
최우,5,,,
추경,5,,,
침체,5,,,
클80,5,,,
클래,5,,,
탄소,5,,,
탈루,5,,,
태양,5,,,
페트,5,,,
평가,5,,,
포기,5,,,
폭06,5,,,
플러,5,,,
학당,5,,,
한계,5,,,
합동,5,,,
해결,5,,,
해제,5,,,
향03,5,,,
향유,5,,,
헬스,5,,,
현수,5,,,
현실,5,,,
현안,5,,,
협력,5,,,
화합,5,,,
활01,5,,,
훈련,5,,,
휴식,5,,,
군량리,5,,,
기재부,5,,,
논산,5,,,
농림축산식품부,5,,,
농식품부,5,,,
매산리,5,,,
산림청,5,,,
서울,5,,,
수정리,5,,,
인양리,5,,,
조달청,5,,,
가격,4,,,
가마,4,,,
가뭄,4,,,
감자,4,,,
강01,4,,,
개막,4,,,
게시,4,,,
결산,4,,,
경비,4,,,
경쟁,4,,,
계승,4,,,
고지,4,,,
공감,4,,,
공업,4,,,
과수,4,,,
광01,4,,,
광역,4,,,
교통,4,,,
구매,4,,,
구상,4,,,
구역,4,,,
구현,4,,,
국도,4,,,
국민,4,,,
권역,4,,,
극복,4,,,
근무,4,,,
납01,4,,,
내부,4,,,
냉난,4,,,
네트,4,,,
노동,4,,,
농약,4,,,
다량,4,,,
다수,4,,,
대기,4,,,
대중,4,,,
대화,4,,,
독사,4,,,
라인,4,,,
망06,4,,,
모델,4,,,
모색,4,,,
목욕,4,,,
물리,4,,,
민관,4,,,
벼01,4,,,
병원,4,,,
볼거,4,,,
봉사,4,,,
봉행,4,,,
부착,4,,,
분기,4,,,
분쟁,4,,,
불균,4,,,
불량,4,,,
불법,4,,,
비전,4,,,
사면,4,,,
사안,4,,,
상생,4,,,
상위,4,,,
세10,4,,,
세계,4,,,
세대,4,,,
세탁,4,,,
소유,4,,,
송수,4,,,
수시,4,,,
수요,4,,,
술01,4,,,
스트,4,,,
시안,4,,,
식당,4,,,
식물,4,,,
실습,4,,,
실적,4,,,
실천,4,,,
실행,4,,,
실효,4,,,
심사,4,,,
심의,4,,,
심혈,4,,,
쌈01,4,,,
야간,4,,,
야외,4,,,
약자,4,,,
어제,4,,,
업종,4,,,
여부,4,,,
연도,4,,,
영화,4,,,
예고,4,,,
온실,4,,,
욕구,4,,,
우수,4,,,
운동,4,,,
운용,4,,,
위원,4,,,
위촉,4,,,
유의,4,,,
의견,4,,,
이식,4,,,
이하,4,,,
이후,4,,,
인명,4,,,
인접,4,,,
자격,4,,,
자동,4,,,
자부,4,,,
작05,4,,,
작품,4,,,
잔여,4,,,
장애,4,,,
재단,4,,,
저하,4,,,
전세,4,,,
전입,4,,,
정20,4,,,
정보,4,,,
정부,4,,,
정원,4,,,
제안,4,,,
제조,4,,,
주24,4,,,
중복,4,,,
중앙,4,,,
지도,4,,,
지원,4,,,
진단,4,,,
창업,4,,,
창작,4,,,
채용,4,,,
책임,4,,,
천장,4,,,
추세,4,,,
축07,4,,,
충05,4,,,
취01,4,,,
측정,4,,,
치12,4,,,
치과,4,,,
코스,4,,,
콩01,4,,,
탄소,4,,,
탈01,4,,,
토마,4,,,
투명,4,,,
특별,4,,,
티01,4,,,
평균,4,,,
표준,4,,,
품01,4,,,
품종,4,,,
플라,4,,,
하반,4,,,
학교,4,,,
한도,4,,,
합계,4,,,
합리,4,,,
혁신,4,,,
현상,4,,,
현안,4,,,
형성,4,,,
홀몸,4,,,
화06,4,,,
화장,4,,,
확립,4,,,
간,4,,,
경석,4,,,
금강,4,,,
백제,4,,,
변03,4,,,
비고,4,,,
산,4,,,
성05,4,,,
소18,4,,,
우10,4,,,
음,4,,,
이13,4,,,
장호,4,,,
정,4,,,
주05,4,,,
지09,4,,,
진,4,,,
천,4,,,
천02,4,,,
추01,4,,,
클린,4,,,
가뭄,4,,,
가압,4,,,
가중,4,,,
갈등,4,,,
감사,4,,,
감액,4,,,
개관,4,,,
개막,4,,,
개편,4,,,
건축,4,,,
게시,4,,,
경쟁,4,,,
경정,4,,,
경진,4,,,
계속,4,,,
고객,4,,,
고시,4,,,
골14,4,,,
공업,4,,,
공연,4,,,
공익,4,,,
공제,4,,,
공포,4,,,
과업,4,,,
관급,4,,,
교육,4,,,
국도,4,,,
군수,4,,,
근무,4,,,
급04,4,,,
기록,4,,,
꽃01,4,,,
날01,4,,,
납부,4,,,
내일,4,,,
녹02,4,,,
능력,4,,,
대학,4,,,
도립,4,,,
도모,4,,,
도시,4,,,
도출,4,,,
동력,4,,,
두레,4,,,
록03,4,,,
마02,4,,,
마감,4,,,
마늘,4,,,
마키,4,,,
만족,4,,,
메뉴,4,,,
면도,4,,,
면민,4,,,
명품,4,,,
모니,4,,,
무료,4,,,
민관,4,,,
민원,4,,,
발송,4,,,
방문,4,,,
배01,4,,,
벼01,4,,,
본격,4,,,
본부,4,,,
볼거,4,,,
부지,4,,,
부합,4,,,
분담,4,,,
분리,4,,,
비전,4,,,
사용,4,,,
사용,4,,,
사후,4,,,
산01,4,,,
생성,4,,,
서정,4,,,
선거,4,,,
설계,4,,,
세액,4,,,
세탁,4,,,
소수,4,,,
소유,4,,,
소유,4,,,
소재,4,,,
수관,4,,,
신기,4,,,
실습,4,,,
쌍02,4,,,
안심,4,,,
약자,4,,,
양질,4,,,
어르,4,,,
업종,4,,,
연두,4,,,
예01,4,,,
옹벽,4,,,
외래,4,,,
운용,4,,,
원고,4,,,
위원,4,,,
육아,4,,,
은닉,4,,,
음악,4,,,
응급,4,,,
의뢰,4,,,
이동,4,,,
이용,4,,,
인정,4,,,
자동,4,,,
자본,4,,,
장승,4,,,
적합,4,,,
전기,4,,,
전년,4,,,
절감,4,,,
정상,4,,,
정자,4,,,
정화,4,,,
제시,4,,,
제안,4,,,
제안,4,,,
제외,4,,,
제한,4,,,
중립,4,,,
중소,4,,,
중장,4,,,
지반,4,,,
지붕,4,,,
지사,4,,,
진출,4,,,
집필,4,,,
징수,4,,,
첨단,4,,,
청소,4,,,
체류,4,,,
출입,4,,,
취득,4,,,
치수,4,,,
친절,4,,,
카페,4,,,
투80,4,,,
투표,4,,,
티01,4,,,
파악,4,,,
편리,4,,,
편입,4,,,
품01,4,,,
학부,4,,,
항목,4,,,
해당,4,,,
핵심,4,,,
행위,4,,,
현상,4,,,
협조,4,,,
화06,4,,,
화단,4,,,
화학,4,,,
황06,4,,,
휴게,4,,,
구재리,4,,,
산성,4,,,
신정리,4,,,
운곡면,4,,,
평택,4,,,
가로,3,,,
가루,3,,,
가축,3,,,
감사,3,,,
갑05,3,,,
갑호,3,,,
개업,3,,,
개통,3,,,
거주,3,,,
건조,3,,,
건조,3,,,
격차,3,,,
결혼,3,,,
경감,3,,,
경력,3,,,
경사,3,,,
경작,3,,,
고립,3,,,
고용,3,,,
공고,3,,,
공공,3,,,
공공,3,,,
공기,3,,,
공정,3,,,
과세,3,,,
관람,3,,,
교육,3,,,
구15,3,,,
구인,3,,,
국유,3,,,
군별,3,,,
규정,3,,,
그동,3,,,
극대,3,,,
근로,3,,,
급04,3,,,
급변,3,,,
기념,3,,,
기념,3,,,
기상,3,,,
꽃씨,3,,,
납세,3,,,
내실,3,,,
내외,3,,,
녹색,3,,,
논의,3,,,
놀이,3,,,
농경,3,,,
농작,3,,,
농작,3,,,
능률,3,,,
다목,3,,,
다중,3,,,
단순,3,,,
담당,3,,,
대치,3,,,
도로,3,,,
도움,3,,,
도지,3,,,
동10,3,,,
뒷받,3,,,
득03,3,,,
로프,3,,,
리모,3,,,
만족,3,,,
말소,3,,,
명패,3,,,
모델,3,,,
목적,3,,,
묘02,3,,,
무농,3,,,
문서,3,,,
문화,3,,,
미술,3,,,
밀집,3,,,
발01,3,,,
발표,3,,,
방문,3,,,
배수,3,,,
번호,3,,,
벌꿀,3,,,
범위,3,,,
범죄,3,,,
보안,3,,,
보유,3,,,
보존,3,,,
보증,3,,,
복구,3,,,
본격,3,,,
부가,3,,,
부모,3,,,
부여,3,,,
북카,3,,,
불가,3,,,
불안,3,,,
붕괴,3,,,
브랜,3,,,
블루,3,,,
비치,3,,,
빈도,3,,,
빈집,3,,,
빨래,3,,,
사기,3,,,
사람,3,,,
사망,3,,,
사물,3,,,
사업,3,,,
사후,3,,,
산정,3,,,
상당,3,,,
상충,3,,,
상향,3,,,
상황,3,,,
생애,3,,,
생활,3,,,
서면,3,,,
선도,3,,,
선순,3,,,
설명,3,,,
설비,3,,,
솔01,3,,,
수량,3,,,
수수,3,,,
수질,3,,,
숲길,3,,,
스마,3,,,
스포,3,,,
식별,3,,,
신뢰,3,,,
실태,3,,,
악화,3,,,
안건,3,,,
안전,3,,,
알01,3,,,
양봉,3,,,
양질,3,,,
양파,3,,,
연장,3,,,
염03,3,,,
예측,3,,,
외국,3,,,
워커,3,,,
원고,3,,,
위로,3,,,
위반,3,,,
유급,3,,,
유료,3,,,
유성,3,,,
유수,3,,,
유예,3,,,
유형,3,,,
유휴,3,,,
음04,3,,,
응대,3,,,
의뢰,3,,,
이사,3,,,
이야,3,,,
이탈,3,,,
인적,3,,,
인터,3,,,
일부,3,,,
일손,3,,,
일제,3,,,
임대,3,,,
입,3,,,
자율,3,,,
작목,3,,,
작업,3,,,
장25,3,,,
장기,3,,,
재산,3,,,
재활,3,,,
적기,3,,,
적법,3,,,
적합,3,,,
전달,3,,,
전역,3,,,
전원,3,,,
전월,3,,,
전정,3,,,
정신,3,,,
정자,3,,,
제정,3,,,
제품,3,,,
조건,3,,,
조치,3,,,
조화,3,,,
존80,3,,,
존재,3,,,
종사,3,,,
주기,3,,,
주방,3,,,
주의,3,,,
주인,3,,,
준비,3,,,
증액,3,,,
지장,3,,,
지출,3,,,
지침,3,,,
진흥,3,,,
질병,3,,,
집필,3,,,
차원,3,,,
착공,3,,,
창09,3,,,
창구,3,,,
체납,3,,,
초래,3,,,
총괄,3,,,
최근,3,,,
최신,3,,,
출범,3,,,
출원,3,,,
출입,3,,,
침수,3,,,
카페,3,,,
키01,3,,,
탈출,3,,,
탈피,3,,,
탐사,3,,,
태산,3,,,
태세,3,,,
털,3,,,
토대,3,,,
통계,3,,,
통한,3,,,
투기,3,,,
투입,3,,,
특산,3,,,
티커,3,,,
판로,3,,,
판촉,3,,,
패스,3,,,
폐사,3,,,
포상,3,,,
프리,3,,,
하수,3,,,
한계,3,,,
항공,3,,,
해체,3,,,
해충,3,,,
핵심,3,,,
향03,3,,,
헌신,3,,,
혀01,3,,,
협회,3,,,
형평,3,,,
호13,3,,,
화목,3,,,
환경,3,,,
활01,3,,,
황06,3,,,
회09,3,,,
휴대,3,,,
강,3,,,
경,3,,,
경13,3,,,
공08,3,,,
공주,3,,,
관,3,,,
구룡,3,,,
국,3,,,
금10,3,,,
남05,3,,,
농림,3,,,
담,3,,,
당진,3,,,
도09,3,,,
류,3,,,
보,3,,,
비80,3,,,
설10,3,,,
운영,3,,,
원03,3,,,
전,3,,,
전05,3,,,
조,3,,,
최02,3,,,
충,3,,,
태산,3,,,
태안,3,,,
한국,3,,,
행정,3,,,
화,3,,,
환,3,,,
가입,3,,,
간담,3,,,
간판,3,,,
감독,3,,,
감사,3,,,
강력,3,,,
강의,3,,,
강점,3,,,
개편,3,,,
갤러,3,,,
거주,3,,,
결의,3,,,
결혼,3,,,
경기,3,,,
경쟁,3,,,
경찰,3,,,
계도,3,,,
계승,3,,,
고용,3,,,
공공,3,,,
공단,3,,,
관광,3,,,
관산,3,,,
관심,3,,,
광산,3,,,
교세,3,,,
교실,3,,,
교육,3,,,
교차,3,,,
구인,3,,,
군내,3,,,
군사,3,,,
권한,3,,,
규칙,3,,,
균03,3,,,
그룹,3,,,
극대,3,,,
근로,3,,,
금액,3,,,
급여,3,,,
기계,3,,,
기념,3,,,
기대,3,,,
긴축,3,,,
꿈01,3,,,
납세,3,,,
납자,3,,,
내국,3,,,
내외,3,,,
논리,3,,,
농민,3,,,
농자,3,,,
농장,3,,,
뉴80,3,,,
답례,3,,,
대면,3,,,
데이,3,,,
도내,3,,,
도로,3,,,
동10,3,,,
동네,3,,,
동의,3,,,
라인,3,,,
레02,3,,,
리03,3,,,
마음,3,,,
말01,3,,,
먼지,3,,,
면04,3,,,
모두,3,,,
모바일,3,,,
무상,3,,,
문자,3,,,
문헌,3,,,
물질,3,,,
물품,3,,,
미량,3,,,
미수,3,,,
미신고,3,,,
민80,3,,,
박람,3,,,
박물,3,,,
발간,3,,,
발행,3,,,
방문,3,,,
방법,3,,,
번호,3,,,
벚나,3,,,
베01,3,,,
벽06,3,,,
보류,3,,,
보상금,3,,,
복구공사,3,,,
부대,3,,,
부대시설,3,,,
부재,3,,,
부진,3,,,
블루,3,,,
빛,3,,,
사무실,3,,,
사이트,3,,,
사회단체,3,,,
산책,3,,,
산학,3,,,
상공,3,,,
상실,3,,,
상위,3,,,
상주,3,,,
생산자,3,,,
생태,3,,,
서화,3,,,
선순환,3,,,
설비,3,,,
세무,3,,,
수강,3,,,
수거,3,,,
수익,3,,,
수질,3,,,
수혜,3,,,
순차,3,,,
순회,3,,,
스타트업,3,,,
슬기,3,,,
습도,3,,,
시간,3,,,
신왕,3,,,
신흥,3,,,
실태,3,,,
심화,3,,,
쌀,3,,,
아이디어,3,,,
안01,3,,,
애로,3,,,
액02,3,,,
액션,3,,,
양산,3,,,
양육,3,,,
양천,3,,,
어린이집,3,,,
여론,3,,,
여부,3,,,
역대,3,,,
연간,3,,,
연내,3,,,
연중,3,,,
오수,3,,,
오프라인,3,,,
우량,3,,,
워크숍,3,,,
원료,3,,,
위임,3,,,
위축,3,,,
유공자,3,,,
유실,3,,,
유인책,3,,,
융합,3,,,
음식,3,,,
음주,3,,,
응답,3,,,
의사,3,,,
의식,3,,,
이화,3,,,
인상,3,,,
인적,3,,,
일정,3,,,
임산,3,,,
임상,3,,,
입지,3,,,
자리,3,,,
자발,3,,,
작05,3,,,
작업복,3,,,
작업장,3,,,
잔여,3,,,
장려금,3,,,
재가,3,,,
재활용품,3,,,
전담,3,,,
전수,3,,,
전정,3,,,
전출,3,,,
절기,3,,,
제방,3,,,
조치,3,,,
조합,3,,,
존80,3,,,
종료,3,,,
주소,3,,,
주재원,3,,,
중학교,3,,,
지수,3,,,
지출,3,,,
지하수,3,,,
차량,3,,,
참고,3,,,
채소,3,,,
처분,3,,,
청취,3,,,
체감,3,,,
최신,3,,,
출범,3,,,
출산,3,,,
출연,3,,,
취소,3,,,
치12,3,,,
태양열,3,,,
터미널,3,,,
투입,3,,,
편찬,3,,,
평균,3,,,
폐수,3,,,
표고,3,,,
학술,3,,,
한도액,3,,,
합성수지,3,,,
해01,3,,,
행차,3,,,
향토,3,,,
협소,3,,,
협의체,3,,,
환자,3,,,
회복,3,,,
회신,3,,,
획득,3,,,
횟수,3,,,
관산리,3,,,
관수,3,,,
교월리,3,,,
군기,3,,,
농촌진흥청,3,,,
백곡리,3,,,
벽천리,3,,,
산정리,3,,,
송방리,3,,,
용당리,3,,,
원봉,3,,,
읍내리,3,,,
적누리,3,,,
정좌리,3,,,
청소리,3,,,
케어,3,,,
한국환경공단,3,,,
가게,2,,,
가공,2,,,
가시,2,,,
가을,2,,,
가족,2,,,
각광,2,,,
간편,2,,,
갈등,2,,,
감동,2,,,
감사,2,,,
감속,2,,,
감시,2,,,
감안,2,,,
감정,2,,,
감축,2,,,
강변,2,,,
개념,2,,,
개척,2,,,
건축,2,,,
검03,2,,,
검색,2,,,
검출,2,,,
겨울,2,,,
결01,2,,,
경고,2,,,
경용,2,,,
경지,2,,,
경찰,2,,,
계좌,2,,,
고장,2,,,
고조,2,,,
고춧,2,,,
곤란,2,,,
골절,2,,,
공감,2,,,
공공,2,,,
공문,2,,,
공백,2,,,
공사,2,,,
공용,2,,,
공장,2,,,
공직,2,,,
공직,2,,,
과10,2,,,
과정,2,,,
관공,2,,,
관망,2,,,
관심,2,,,
관제,2,,,
광고,2,,,
교육,2,,,
교재,2,,,
구기,2,,,
구절,2,,,
구직,2,,,
구직,2,,,
구체,2,,,
구획,2,,,
국01,2,,,
군도,2,,,
권익,2,,,
규격,2,,,
균형,2,,,
그린,2,,,
급수,2,,,
기구,2,,,
기부,2,,,
기온,2,,,
기조,2,,,
기피,2,,,
깐,2,,,
나라,2,,,
난방,2,,,
남성,2,,,
내방,2,,,
냉01,2,,,
냉장,2,,,
노력,2,,,
노선,2,,,
논리,2,,,
농자,2,,,
농정,2,,,
누적,2,,,
능05,2,,,
다각,2,,,
다년,2,,,
단가,2,,,
단독,2,,,
답례,2,,,
당직,2,,,
대면,2,,,
대부,2,,,
대수,2,,,
대장,2,,,
대중,2,,,
대추,2,,,
대학,2,,,
댐02,2,,,
도내,2,,,
도래,2,,,
도면,2,,,
도정,2,,,
독립,2,,,
돌발,2,,,
동일,2,,,
뒤편,2,,,
디지,2,,,
랩02,2,,,
로커,2,,,
리03,2,,,
마련,2,,,
마지,2,,,
말01,2,,,
매입,2,,,
모01,2,,,
모금,2,,,
목면,2,,,
목재,2,,,
무대,2,,,
문의,2,,,
물01,2,,,
물가,2,,,
물류,2,,,
미끄,2,,,
미래,2,,,
미성,2,,,
미흡,2,,,
밀03,2,,,
바탕,2,,,
발견,2,,,
발급,2,,,
발생,2,,,
방범,2,,,
방식,2,,,
방위,2,,,
방치,2,,,
배움,2,,,
버너,2,,,
번역,2,,,
베01,2,,,
베이,2,,,
벤치,2,,,
벽06,2,,,
볍씨,2,,,
보관,2,,,
보금,2,,,
보조,2,,,
보험,2,,,
복리,2,,,
복지,2,,,
봄꽃,2,,,
봉10,2,,,
봉사,2,,,
부과,2,,,
부담,2,,,
부대,2,,,
분배,2,,,
분양,2,,,
분할,2,,,
비닐,2,,,
비료,2,,,
사용,2,,,
사이,2,,,
사적,2,,,
산책,2,,,
산천,2,,,
산행,2,,,
상대,2,,,
상설,2,,,
상실,2,,,
상징,2,,,
생명,2,,,
생산,2,,,
생태,2,,,
샤워,2,,,
서06,2,,,
서식,2,,,
선사,2,,,
선진,2,,,
선호,2,,,
설01,2,,,
성실,2,,,
세입,2,,,
세정,2,,,
세트,2,,,
소모,2,,,
소방,2,,,
소속,2,,,
소유,2,,,
소유,2,,,
소재,2,,,
소형,2,,,
속도,2,,,
수돗,2,,,
수리,2,,,
수익,2,,,
수입,2,,,
수혜,2,,,
순회,2,,,
시06,2,,,
시간,2,,,
시급,2,,,
시너,2,,,
시력,2,,,
시민,2,,,
시점,2,,,
시추,2,,,
식기,2,,,
신뢰,2,,,
신분,2,,,
신용,2,,,
신흥,2,,,
실내,2,,,
실정,2,,,
심리,2,,,
아이,2,,,
안길,2,,,
안전,2,,,
야09,2,,,
약화,2,,,
어01,2,,,
여론,2,,,
역14,2,,,
연02,2,,,
연고,2,,,
연구,2,,,
연동,2,,,
연락,2,,,
연립,2,,,
연출,2,,,
열의,2,,,
영리,2,,,
영양,2,,,
영업,2,,,
영향,2,,,
영화,2,,,
옆,2,,,
예산,2,,,
오프,2,,,
온난,2,,,
올02,2,,,
왕04,2,,,
용지,2,,,
우려,2,,,
우선,2,,,
우편,2,,,
운전,2,,,
원12,2,,,
원예,2,,,
웹,2,,,
위주,2,,,
위협,2,,,
유02,2,,,
유관,2,,,
유기,2,,,
유동,2,,,
유실,2,,,
음식,2,,,
의05,2,,,
의회,2,,,
이내,2,,,
이벤,2,,,
이웃,2,,,
이정,2,,,
인센,2,,,
인쇄,2,,,
일대,2,,,
일용,2,,,
임무,2,,,
임상,2,,,
임직,2,,,
입력,2,,,
입원,2,,,
자립,2,,,
자문,2,,,
자연,2,,,
자연,2,,,
잠재,2,,,
잡초,2,,,
장구,2,,,
장치,2,,,
재무,2,,,
재배,2,,,
재활,2,,,
저변,2,,,
저비,2,,,
저장,2,,,
저조,2,,,
저해,2,,,
적격,2,,,
전경,2,,,
전력,2,,,
전문,2,,,
전산,2,,,
전송,2,,,
전수,2,,,
절02,2,,,
접목,2,,,
정규,2,,,
정기,2,,,
정상,2,,,
정체,2,,,
제반,2,,,
제보,2,,,
제작,2,,,
조리,2,,,
조심,2,,,
조화,2,,,
존중,2,,,
주부,2,,,
주소,2,,,
주정,2,,,
중립,2,,,
중앙,2,,,
중장,2,,,
지대,2,,,
지부,2,,,
지역,2,,,
지역,2,,,
지질,2,,,
지참,2,,,
지천,2,,,
지표,2,,,
진주,2,,,
질의,2,,,
집기,2,,,
집단,2,,,
차림,2,,,
착용,2,,,
참석,2,,,
책자,2,,,
처벌,2,,,
청결,2,,,
체감,2,,,
체중,2,,,
초과,2,,,
초빙,2,,,
초청,2,,,
촉진,2,,,
총력,2,,,
총면,2,,,
총사,2,,,
추억,2,,,
추정,2,,,
추후,2,,,
축소,2,,,
축하,2,,,
출력,2,,,
출연,2,,,
출하,2,,,
취업,2,,,
취합,2,,,
치매,2,,,
치유,2,,,
친절,2,,,
침대,2,,,
침실,2,,,
칼01,2,,,
캔,2,,,
커뮤,2,,,
컬02,2,,,
코드,2,,,
코로,2,,,
타개,2,,,
탁월,2,,,
탄03,2,,,
태양,2,,,
태풍,2,,,
테이,2,,,
텐트,2,,,
통보,2,,,
퇴비,2,,,
퇴원,2,,,
특징,2,,,
틈새,2,,,
파종,2,,,
패턴,2,,,
페이,2,,,
편리,2,,,
평형,2,,,
포05,2,,,
폭06,2,,,
폭설,2,,,
폭우,2,,,
표고,2,,,
표창,2,,,
표출,2,,,
품격,2,,,
풍경,2,,,
필수,2,,,
학기,2,,,
학생,2,,,
합의,2,,,
항08,2,,,
항생,2,,,
해빙,2,,,
행차,2,,,
허05,2,,,
현금,2,,,
현실,2,,,
현재,2,,,
협소,2,,,
호국,2,,,
호소,2,,,
혼자,2,,,
홍보,2,,,
홍보,2,,,
화분,2,,,
화요,2,,,
회선,2,,,
회장,2,,,
획득,2,,,
휴게,2,,,
휴일,2,,,
흐름,2,,,
강04,2,,,
경기,2,,,
계룡,2,,,
고용,2,,,
관산,2,,,
금산,2,,,
김06,2,,,
논산,2,,,
대한,2,,,
대흥,2,,,
문화,2,,,
방03,2,,,
보건,2,,,
보령,2,,,
부여,2,,,
산성,2,,,
서산,2,,,
서천,2,,,
선기,2,,,
아산,2,,,
안03,2,,,
애경,2,,,
예산,2,,,
오07,2,,,
완,2,,,
왕진,2,,,
유04,2,,,
육04,2,,,
윤01,2,,,
읍내,2,,,
임06,2,,,
재구,2,,,
차06,2,,,
천안,2,,,
추,2,,,
필리,2,,,
한반,2,,,
홍01,2,,,
홍성,2,,,
화양,2,,,
확,2,,,
환경,2,,,
가게,2,,,
가로,2,,,
가스,2,,,
감12,2,,,
감동,2,,,
감정,2,,,
강구,2,,,
강좌,2,,,
개방,2,,,
개장,2,,,
개척,2,,,
거래,2,,,
거주지,2,,,
건조,2,,,
건축비,2,,,
게스트,2,,,
게시판,2,,,
경감,2,,,
계약제,2,,,
고시,2,,,
고춧가루,2,,,
고품질,2,,,
공01,2,,,
공감,2,,,
공구,2,,,
공법,2,,,
공부,2,,,
공시,2,,,
공업,2,,,
공장,2,,,
공터,2,,,
공평,2,,,
과다,2,,,
관계자,2,,,
관리비,2,,,
관심도,2,,,
관외,2,,,
광장,2,,,
교두보,2,,,
교부,2,,,
교육세,2,,,
교육원,2,,,
교환,2,,,
구독자,2,,,
구매,2,,,
구원,2,,,
구조물,2,,,
구직,2,,,
구직자,2,,,
국세,2,,,
국화,2,,,
군부대,2,,,
군수,2,,,
군수실,2,,,
군의회,2,,,
군청,2,,,
권익,2,,,
기구,2,,,
기념물,2,,,
기분,2,,,
기성,2,,,
기술지,2,,,
기틀,2,,,
기회,2,,,
기획력,2,,,
긴급,2,,,
나라,2,,,
낙찰,2,,,
남부권,2,,,
남용,2,,,
내방,2,,,
내역,2,,,
네트워킹,2,,,
노후관,2,,,
녹색,2,,,
논01,2,,,
농어민,2,,,
누락,2,,,
누수,2,,,
다변화,2,,,
다수,2,,,
단체장,2,,,
담당,2,,,
대기,2,,,
대두,2,,,
대량,2,,,
대로변,2,,,
대리,2,,,
대사,2,,,
대외,2,,,
대전,2,,,
도급,2,,,
도농,2,,,
도면,2,,,
도세,2,,,
도움,2,,,
도장,2,,,
돌파,2,,,
동기,2,,,
동상,2,,,
동시,2,,,
동일,2,,,
둔화,2,,,
디03,2,,,
디자,2,,,
레스토랑,2,,,
리더,2,,,
마켓,2,,,
맛01,2,,,
매각,2,,,
매사,2,,,
매입비,2,,,
매출액,2,,,
메시지,2,,,
명소,2,,,
명예,2,,,
목욕탕,2,,,
문화제,2,,,
물량,2,,,
물리,2,,,
미디어,2,,,
미생물,2,,,
미세,2,,,
미술,2,,,
밀집,2,,,
바닥,2,,,
바탕,2,,,
발표,2,,,
밥상,2,,,
방도,2,,,
방위,2,,,
배부,2,,,
버너,2,,,
버스,2,,,
범위,2,,,
법률,2,,,
법인세,2,,,
베드,2,,,
변04,2,,,
변동,2,,,
병원,2,,,
병행,2,,,
보도,2,,,
복13,2,,,
본청,2,,,
부당,2,,,
부동산,2,,,
부모,2,,,
부서장,2,,,
부스,2,,,
북카페,2,,,
분리수거,2,,,
분쟁,2,,,
분포,2,,,
불법,2,,,
블록,2,,,
비중,2,,,
사거리,2,,,
사관학교,2,,,
사료,2,,,
사무국,2,,,
사업자,2,,,
사유지,2,,,
산동,2,,,
산물,2,,,
상02,2,,,
상관,2,,,
상권,2,,,
상대,2,,,
상습,2,,,
상추,2,,,
상하수도,2,,,
새마을,2,,,
생산직,2,,,
서류,2,,,
선생,2,,,
선포,2,,,
설명,2,,,
설문,2,,,
설정,2,,,
성분,2,,,
세정,2,,,
세탁,2,,,
센서,2,,,
소개,2,,,
소극,2,,,
소외,2,,,
소형,2,,,
손상,2,,,
송05,2,,,
송수관,2,,,
수돗물,2,,,
수익금,2,,,
수풀,2,,,
순수,2,,,
순위,2,,,
스톱,2,,,
시골,2,,,
시공,2,,,
시료,2,,,
시설비,2,,,
식량,2,,,
신년,2,,,
신뢰,2,,,
신용,2,,,
신청자,2,,,
신혼부부,2,,,
실외,2,,,
쌈01,2,,,
아동,2,,,
아이스팩,2,,,
악화,2,,,
안전망,2,,,
안전사고,2,,,
압류,2,,,
야외,2,,,
약속,2,,,
약품,2,,,
양파,2,,,
어제,2,,,
업주,2,,,
여자,2,,,
연금,2,,,
연작,2,,,
예비군,2,,,
예산액,2,,,
오토,2,,,
온05,2,,,
온실,2,,,
완비,2,,,
완성,2,,,
왕진,2,,,
요건,2,,,
요리,2,,,
요양,2,,,
용도,2,,,
용품,2,,,
용화,2,,,
우려,2,,,
우편,2,,,
우회,2,,,
원가,2,,,
원산지,2,,,
유기,2,,,
유동,2,,,
유량,2,,,
유리,2,,,
유명,2,,,
유보,2,,,
유사,2,,,
유성,2,,,
유역,2,,,
유적,2,,,
유튜버,2,,,
유형,2,,,
음료,2,,,
응급실,2,,,
의자,2,,,
의존,2,,,
의회,2,,,
이벤트,2,,,
이수,2,,,
이야기,2,,,
이용률,2,,,
이하,2,,,
인사,2,,,
인지도,2,,,
일제,2,,,
임01,2,,,
입구,2,,,
입장,2,,,
자격,2,,,
자격증,2,,,
자동차,2,,,
자부,2,,,
자생력,2,,,
작가전,2,,,
작물,2,,,
잡목,2,,,
잡종,2,,,
장25,2,,,
장력,2,,,
장마,2,,,
장시간,2,,,
장애,2,,,
장점,2,,,
장학금,2,,,
재개,2,,,
재사용,2,,,
재산권,2,,,
저수지,2,,,
저해,2,,,
전달,2,,,
전문직,2,,,
전입,2,,,
전주,2,,,
전진,2,,,
점수,2,,,
접종,2,,,
정형,2,,,
제06,2,,,
제거,2,,,
제로,2,,,
제어,2,,,
제재,2,,,
조달,2,,,
조형물,2,,,
존재,2,,,
종업원,2,,,
좌01,2,,,
주거비,2,,,
주거지,2,,,
주기,2,,,
주방,2,,,
주정,2,,,
중앙회,2,,,
중재자,2,,,
증빙,2,,,
증산,2,,,
지목,2,,,
지시,2,,,
지주,2,,,
지침,2,,,
직무,2,,,
직영,2,,,
진지,2,,,
진화,2,,,
질병,2,,,
차등,2,,,
차장,2,,,
차질,2,,,
참여율,2,,,
참전자,2,,,
책임,2,,,
천문대,2,,,
체육관,2,,,
초기,2,,,
초대,2,,,
최근,2,,,
최상,2,,,
최우수상,2,,,
축소,2,,,
충원,2,,,
충전,2,,,
측량,2,,,
측정기,2,,,
치과,2,,,
치료,2,,,
캐릭터,2,,,
캠페인,2,,,
캠프,2,,,
콘테스트,2,,,
콩01,2,,,
큐01,2,,,
클릭,2,,,
탁구,2,,,
탁자,2,,,
터01,2,,,
털,2,,,
텀블러,2,,,
통계,2,,,
통신,2,,,
통행량,2,,,
퇴적,2,,,
투기,2,,,
트랙,2,,,
파기,2,,,
파손,2,,,
판매액,2,,,
편람,2,,,
편안,2,,,
편익,2,,,
평면,2,,,
폐교,2,,,
폐비닐,2,,,
폐업,2,,,
폐지,2,,,
포상,2,,,
폭염,2,,,
피해액,2,,,
필수,2,,,
학04,2,,,
학습장,2,,,
함양,2,,,
항08,2,,,
해외,2,,,
행01,2,,,
혀01,2,,,
현02,2,,,
현재,2,,,
혈액,2,,,
협회,2,,,
호소,2,,,
화면,2,,,
화평,2,,,
확립,2,,,
확인,2,,,
환경오염,2,,,
회09,2,,,
회의소,2,,,
회의실,2,,,
회전,2,,,
획02,2,,,
후보,2,,,
후보지,2,,,
후속,2,,,
흐름,2,,,
흥04,2,,,
경동,2,,,
고용노동부,2,,,
고합,2,,,
공주,2,,,
광금리,2,,,
광대리,2,,,
광평리,2,,,
교육부,2,,,
기덕리,2,,,
남천리,2,,,
대평,2,,,
대평리,2,,,
대흥,2,,,
마곡사,2,,,
문체부,2,,,
문화체육관광부,2,,,
백천리,2,,,
보고,2,,,
분향리,2,,,
사점리,2,,,
상갑리,2,,,
세종,2,,,
수원,2,,,
수지,2,,,
식약처,2,,,
식품의약품안전처,2,,,
양사리,2,,,
여성가족부,2,,,
오룡,2,,,
유지,2,,,
의용,2,,,
익산,2,,,
장계리,2,,,
지곡리,2,,,
청수리,2,,,
탄정리,2,,,
학당리,2,,,
학암리,2,,,
한국산업단지공단,2,,,
행정리,2,,,
화강리,2,,,
화암,2,,,
가계,1,,,
가상,1,,,
가설,1,,,
가을,1,,,
가입,1,,,
가정,1,,,
가중,1,,,
가칭,1,,,
간담,1,,,
간접,1,,,
간판,1,,,
감12,1,,,
감독,1,,,
감액,1,,,
감지,1,,,
강구,1,,,
강당,1,,,
강설,1,,,
강심,1,,,
강장,1,,,
개03,1,,,
개관,1,,,
개량,1,,,
개방,1,,,
개성,1,,,
개체,1,,,
개편,1,,,
개화,1,,,
거동,1,,,
거래,1,,,
거부,1,,,
거울,1,,,
거주,1,,,
건80,1,,,
건수,1,,,
걸01,1,,,
걸음,1,,,
검사,1,,,
검사,1,,,
게재,1,,,
겨울,1,,,
견인,1,,,
견학,1,,,
결집,1,,,
경10,1,,,
경각,1,,,
경과,1,,,
경위,1,,,
경쟁,1,,,
경직,1,,,
경진,1,,,
계기,1,,,
계기,1,,,
계단,1,,,
계획,1,,,
고가,1,,,
고급,1,,,
고독,1,,,
고령,1,,,
고립,1,,,
고물,1,,,
고민,1,,,
고부,1,,,
고속,1,,,
고시,1,,,
고인,1,,,
고지,1,,,
곡물,1,,,
골14,1,,,
골목,1,,,
골목,1,,,
공01,1,,,
공고,1,,,
공급,1,,,
공단,1,,,
공동,1,,,
공문,1,,,
공백,1,,,
공법,1,,,
공설,1,,,
공소,1,,,
공시,1,,,
공신,1,,,
공연,1,,,
공익,1,,,
공존,1,,,
공중,1,,,
공지,1,,,
공터,1,,,
공휴,1,,,
과거,1,,,
과학,1,,,
관01,1,,,
관가,1,,,
관리,1,,,
관리,1,,,
관리,1,,,
관리,1,,,
관목,1,,,
관상,1,,,
광고,1,,,
광고,1,,,
광장,1,,,
교대,1,,,
교류,1,,,
교부,1,,,
교육,1,,,
교육,1,,,
교정,1,,,
교차,1,,,
교차,1,,,
교회,1,,,
구성,1,,,
구수,1,,,
구청,1,,,
국그,1,,,
국내,1,,,
국회,1,,,
국회,1,,,
군수,1,,,
군화,1,,,
굴01,1,,,
굴삭,1,,,
굴착,1,,,
규제,1,,,
균03,1,,,
그늘,1,,,
극장,1,,,
극한,1,,,
글로,1,,,
글씨,1,,,
금년,1,,,
금리,1,,,
급속,1,,,
급증,1,,,
긍정,1,,,
기대,1,,,
기동,1,,,
기량,1,,,
기록,1,,,
기류,1,,,
기본,1,,,
기업,1,,,
기자,1,,,
기장,1,,,
기재,1,,,
기종,1,,,
기틀,1,,,
기한,1,,,
기호,1,,,
까치,1,,,
깡통,1,,,
나이,1,,,
낙03,1,,,
낙농,1,,,
낙상,1,,,
난02,1,,,
난립,1,,,
난방,1,,,
날01,1,,,
남쪽,1,,,
낭비,1,,,
내구,1,,,
내륙,1,,,
내음,1,,,
내한,1,,,
널01,1,,,
노년,1,,,
노래,1,,,
노무,1,,,
노하,1,,,
노후,1,,,
녹지,1,,,
놀이,1,,,
농림,1,,,
농민,1,,,
농산,1,,,
농업,1,,,
눈높,1,,,
뉴80,1,,,
능통,1,,,
니스,1,,,
다리,1,,,
다발,1,,,
다변,1,,,
다원,1,,,
다이,1,,,
단결,1,,,
단대,1,,,
단수,1,,,
단절,1,,,
단축,1,,,
단합,1,,,
달05,1,,,
달맞,1,,,
달빛,1,,,
닭,1,,,
담01,1,,,
담벼,1,,,
담보,1,,,
당위,1,,,
당직,1,,,
대내,1,,,
대내,1,,,
대민,1,,,
대부,1,,,
대신,1,,,
대지,1,,,
대청,1,,,
대표,1,,,
대피,1,,,
대행,1,,,
데이,1,,,
도가,1,,,
도민,1,,,
도보,1,,,
도서,1,,,
도시,1,,,
도전,1,,,
도출,1,,,
돈사,1,,,
돌담,1,,,
돔02,1,,,
동결,1,,,
동복,1,,,
동아,1,,,
동의,1,,,
동절,1,,,
동화,1,,,
둔화,1,,,
둘레,1,,,
득세,1,,,
등급,1,,,
등산,1,,,
등유,1,,,
등의,1,,,
디자,1,,,
뜻,1,,,
랜턴,1,,,
레포,1,,,
로고,1,,,
록03,1,,,
르네,1,,,
리뷰,1,,,
마늘,1,,,
마당,1,,,
마실,1,,,
마키,1,,,
만연,1,,,
만원,1,,,
만족,1,,,
매개,1,,,
매년,1,,,
매도,1,,,
매연,1,,,
매장,1,,,
매출,1,,,
멍01,1,,,
메뉴,1,,,
메밀,1,,,
메시,1,,,
메카,1,,,
면04,1,,,
면담,1,,,
명시,1,,,
명주,1,,,
모두,1,,,
모범,1,,,
모임,1,,,
묘목,1,,,
무08,1,,,
무관,1,,,
무능,1,,,
무단,1,,,
무더,1,,,
무상,1,,,
무인,1,,,
무지,1,,,
문맹,1,,,
문헌,1,,,
문화,1,,,
물놀,1,,,
미관,1,,,
미비,1,,,
미술,1,,,
미연,1,,,
미정,1,,,
미화,1,,,
민80,1,,,
민생,1,,,
민속,1,,,
민주,1,,,
밀도,1,,,
밀착,1,,,
바04,1,,,
바닥,1,,,
박05,1,,,
박물,1,,,
박스,1,,,
박탈,1,,,
밖,1,,,
반기,1,,,
반복,1,,,
반응,1,,,
발부,1,,,
발신,1,,,
발판,1,,,
발휘,1,,,
밤거,1,,,
밥그,1,,,
밧줄,1,,,
방류,1,,,
방문,1,,,
방사,1,,,
방어,1,,,
방해,1,,,
배려,1,,,
배송,1,,,
배우,1,,,
배출,1,,,
배후,1,,,
번역,1,,,
벌금,1,,,
법규,1,,,
법령,1,,,
법성,1,,,
베이,1,,,
벼농,1,,,
벽걸,1,,,
변04,1,,,
변조,1,,,
별개,1,,,
별관,1,,,
별도,1,,,
병리,1,,,
병리,1,,,
보고,1,,,
보고,1,,,
보답,1,,,
보도,1,,,
보람,1,,,
보물,1,,,
보상,1,,,
보완,1,,,
보육,1,,,
보일,1,,,
보증,1,,,
보편,1,,,
보호,1,,,
복귀,1,,,
복식,1,,,
본청,1,,,
봄맞,1,,,
봄철,1,,,
봉착,1,,,
부근,1,,,
부기,1,,,
부녀,1,,,
부녀,1,,,
부대,1,,,
부상,1,,,
부유,1,,,
부응,1,,,
부자,1,,,
부적,1,,,
부정,1,,,
부지,1,,,
부패,1,,,
분류,1,,,
분리,1,,,
분별,1,,,
분산,1,,,
분쇄,1,,,
분수,1,,,
분실,1,,,
불리,1,,,
불만,1,,,
불안,1,,,
불일,1,,,
블랙,1,,,
비상,1,,,
비조,1,,,
비중,1,,,
빅80,1,,,
빈곤,1,,,
빈소,1,,,
사가,1,,,
사랑,1,,,
사망,1,,,
사무,1,,,
사무,1,,,
사생,1,,,
사용,1,,,
사일,1,,,
사찰,1,,,
사태,1,,,
삭감,1,,,
산동,1,,,
산모,1,,,
산신,1,,,
산악,1,,,
살얼,1,,,
상가,1,,,
상권,1,,,
상상,1,,,
상영,1,,,
상존,1,,,
상주,1,,,
상춘,1,,,
상해,1,,,
상회,1,,,
생각,1,,,
생략,1,,,
생물,1,,,
생산,1,,,
생태,1,,,
생활,1,,,
샷,1,,,
서남,1,,,
서부,1,,,
선비,1,,,
선양,1,,,
선점,1,,,
선착,1,,,
선형,1,,,
선호,1,,,
설계,1,,,
설립,1,,,
설사,1,,,
섭외,1,,,
성격,1,,,
성성,1,,,
성숙,1,,,
성장,1,,,
세균,1,,,
세무,1,,,
세수,1,,,
세원,1,,,
세척,1,,,
세출,1,,,
세태,1,,,
소각,1,,,
소관,1,,,
소나,1,,,
소농,1,,,
소독,1,,,
소모,1,,,
소방,1,,,
소식,1,,,
소자,1,,,
소지,1,,,
소집,1,,,
소홀,1,,,
소화,1,,,
손상,1,,,
송05,1,,,
쇠퇴,1,,,
수02,1,,,
수강,1,,,
수계,1,,,
수기,1,,,
수년,1,,,
수단,1,,,
수도,1,,,
수련,1,,,
수렴,1,,,
수령,1,,,
수록,1,,,
수매,1,,,
수발,1,,,
수상,1,,,
수선,1,,,
수선,1,,,
수위,1,,,
수의,1,,,
수익,1,,,
수정,1,,,
수주,1,,,
수혜,1,,,
수확,1,,,
숙박,1,,,
숙식,1,,,
순위,1,,,
순차,1,,,
숨01,1,,,
쉬03,1,,,
스케,1,,,
스탬,1,,,
스토,1,,,
스톱,1,,,
스튜,1,,,
스팀,1,,,
스피,1,,,
습득,1,,,
습식,1,,,
승인,1,,,
시가,1,,,
시간,1,,,
시공,1,,,
시도,1,,,
시동,1,,,
시리,1,,,
시비,1,,,
시신,1,,,
시작,1,,,
시적,1,,,
시험,1,,,
식사,1,,,
식생,1,,,
식이,1,,,
신고,1,,,
신기,1,,,
신체,1,,,
신혼,1,,,
실01,1,,,
실과,1,,,
실리,1,,,
실무,1,,,
실수,1,,,
실외,1,,,
실질,1,,,
실험,1,,,
심각,1,,,
심야,1,,,
심층,1,,,
쌀값,1,,,
쌍02,1,,,
아래,1,,,
아이,1,,,
아이,1,,,
아이,1,,,
아트,1,,,
아파,1,,,
악01,1,,,
악성,1,,,
안보,1,,,
안심,1,,,
안전,1,,,
안쪽,1,,,
암08,1,,,
암호,1,,,
애01,1,,,
야구,1,,,
야기,1,,,
야영,1,,,
약07,1,,,
양계,1,,,
양극,1,,,
양성,1,,,
양천,1,,,
언론,1,,,
얼음,1,,,
엑셀,1,,,
엘리,1,,,
엘리,1,,,
여07,1,,,
여가,1,,,
여름,1,,,
여름,1,,,
여비,1,,,
역동,1,,,
역산,1,,,
역점,1,,,
역촌,1,,,
연관,1,,,
연기,1,,,
연내,1,,,
연락,1,,,
연면,1,,,
연산,1,,,
연습,1,,,
연찬,1,,,
연평,1,,,
열사,1,,,
염병,1,,,
염원,1,,,
영수,1,,,
영역,1,,,
영향,1,,,
예비,1,,,
예약,1,,,
오류,1,,,
오염,1,,,
오인,1,,,
오지,1,,,
오찬,1,,,
옥내,1,,,
옥외,1,,,
온05,1,,,
온도,1,,,
온라,1,,,
옵션,1,,,
와이,1,,,
완공,1,,,
완성,1,,,
완성,1,,,
요01,1,,,
요령,1,,,
요양,1,,,
요원,1,,,
용09,1,,,
용기,1,,,
용역,1,,,
용이,1,,,
우량,1,,,
우울,1,,,
운반,1,,,
운반,1,,,
움직,1,,,
워드,1,,,
워터,1,,,
원로,1,,,
원숙,1,,,
원칙,1,,,
원활,1,,,
월남,1,,,
월세,1,,,
월초,1,,,
위상,1,,,
위축,1,,,
위험,1,,,
유대,1,,,
유무,1,,,
유발,1,,,
유사,1,,,
유선,1,,,
유역,1,,,
유의,1,,,
유적,1,,,
유족,1,,,
유지,1,,,
유해,1,,,
유휴,1,,,
육03,1,,,
육아,1,,,
육안,1,,,
육질,1,,,
윤리,1,,,
은둔,1,,,
은행,1,,,
음료,1,,,
음악,1,,,
음향,1,,,
응달,1,,,
응답,1,,,
의사,1,,,
의약,1,,,
의존,1,,,
의향,1,,,
이바,1,,,
이변,1,,,
이송,1,,,
이슈,1,,,
이외,1,,,
이용,1,,,
이유,1,,,
이전,1,,,
이지,1,,,
이체,1,,,
이해,1,,,
이화,1,,,
인과,1,,,
인구,1,,,
인력,1,,,
인물,1,,,
인사,1,,,
인사,1,,,
인삼,1,,,
인상,1,,,
인수,1,,,
인정,1,,,
인테,1,,,
인허,1,,,
일과,1,,,
일괄,1,,,
일용,1,,,
일환,1,,,
임금,1,,,
임산,1,,,
임신,1,,,
임지,1,,,
입소,1,,,
입시,1,,,
입식,1,,,
입안,1,,,
입양,1,,,
입증,1,,,
입찰,1,,,
입회,1,,,
자01,1,,,
자가,1,,,
자랑,1,,,
자립,1,,,
자매,1,,,
자부,1,,,
자살,1,,,
자생,1,,,
자신,1,,,
자연,1,,,
자영,1,,,
자유,1,,,
자재,1,,,
자택,1,,,
작년,1,,,
잠01,1,,,
잠재,1,,,
잡곡,1,,,
잡목,1,,,
장갑,1,,,
장기,1,,,
장날,1,,,
장년,1,,,
장마,1,,,
장점,1,,,
장터,1,,,
재무,1,,,
재배,1,,,
재원,1,,,
재창,1,,,
저가,1,,,
저수,1,,,
저울,1,,,
저장,1,,,
저촉,1,,,
저항,1,,,
전개,1,,,
전년,1,,,
전망,1,,,
전반,1,,,
전소,1,,,
전승,1,,,
전시,1,,,
전액,1,,,
전염,1,,,
전통,1,,,
전형,1,,,
전화,1,,,
절개,1,,,
절반,1,,,
절약,1,,,
점유,1,,,
점자,1,,,
점지,1,,,
접수,1,,,
정당,1,,,
정량,1,,,
정례,1,,,
정립,1,,,
정보,1,,,
정보,1,,,
정수,1,,,
정액,1,,,
정좌,1,,,
정지,1,,,
정치,1,,,
정합,1,,,
제로,1,,,
제물,1,,,
제사,1,,,
제설,1,,,
제약,1,,,
조건,1,,,
조공,1,,,
조달,1,,,
조립,1,,,
조세,1,,,
조율,1,,,
조종,1,,,
조종,1,,,
조형,1,,,
족04,1,,,
존엄,1,,,
종교,1,,,
종기,1,,,
종별,1,,,
종이,1,,,
종자,1,,,
주간,1,,,
주도,1,,,
주력,1,,,
주말,1,,,
주문,1,,,
주산,1,,,
주야,1,,,
주자,1,,,
주제,1,,,
주택,1,,,
죽음,1,,,
준설,1,,,
준수,1,,,
줌01,1,,,
중개,1,,,
중대,1,,,
중독,1,,,
중소,1,,,
중소,1,,,
중소,1,,,
중식,1,,,
중위,1,,,
중인,1,,,
중지,1,,,
즉시,1,,,
증명,1,,,
증설,1,,,
증정,1,,,
지가,1,,,
지로,1,,,
지리,1,,,
지망,1,,,
지목,1,,,
지목,1,,,
지시,1,,,
지식,1,,,
지원,1,,,
지원,1,,,
지지,1,,,
지향,1,,,
직면,1,,,
직무,1,,,
직접,1,,,
진05,1,,,
진사,1,,,
질문,1,,,
집수,1,,,
집집,1,,,
징수,1,,,
징역,1,,,
차기,1,,,
차등,1,,,
차세,1,,,
차액,1,,,
차이,1,,,
차지,1,,,
착근,1,,,
참가,1,,,
참석,1,,,
참여,1,,,
창문,1,,,
창의,1,,,
창의,1,,,
창작,1,,,
책꽂,1,,,
책정,1,,,
처리,1,,,
천군,1,,,
천문,1,,,
천안,1,,,
천혜,1,,,
철저,1,,,
철학,1,,,
첨단,1,,,
첨부,1,,,
청렴,1,,,
청소,1,,,
체계,1,,,
체육,1,,,
체질,1,,,
초동,1,,,
초유,1,,,
총량,1,,,
총선,1,,,
총수,1,,,
총장,1,,,
촬영,1,,,
최다,1,,,
최일,1,,,
최장,1,,,
최저,1,,,
추구,1,,,
추모,1,,,
추석,1,,,
추징,1,,,
추천,1,,,
축구,1,,,
축적,1,,,
출산,1,,,
출생,1,,,
출시,1,,,
출장,1,,,
출퇴,1,,,
충신,1,,,
취급,1,,,
취미,1,,,
측량,1,,,
측면,1,,,
층02,1,,,
치료,1,,,
치열,1,,,
친밀,1,,,
카드,1,,,
카메,1,,,
캠페,1,,,
캠프,1,,,
케어,1,,,
코01,1,,,
쿨,1,,,
클래,1,,,
타워,1,,,
탄력,1,,,
탄생,1,,,
탈수,1,,,
탐색,1,,,
태그,1,,,
택배,1,,,
터널,1,,,
턴,1,,,
테01,1,,,
테라,1,,,
테스,1,,,
토기,1,,,
토양,1,,,
토요,1,,,
통솔,1,,,
통신,1,,,
통신,1,,,
통행,1,,,
퇴근,1,,,
투수,1,,,
트리,1,,,
특,1,,,
특정,1,,,
틀01,1,,,
팀장,1,,,
파견,1,,,
파고,1,,,
파손,1,,,
파이,1,,,
파일,1,,,
파트,1,,,
판매,1,,,
판매,1,,,
판매,1,,,
판명,1,,,
패01,1,,,
패러,1,,,
패키,1,,,
팬01,1,,,
펜01,1,,,
편성,1,,,
편안,1,,,
편의,1,,,
평안,1,,,
평일,1,,,
폐가,1,,,
폐건,1,,,
폐활,1,,,
포도,1,,,
포상,1,,,
폼01,1,,,
표04,1,,,
표시,1,,,
풀01,1,,,
풍선,1,,,
플래,1,,,
피드,1,,,
피자,1,,,
하락,1,,,
하루,1,,,
하복,1,,,
학04,1,,,
학과,1,,,
학사,1,,,
학습,1,,,
한술,1,,,
한정,1,,,
할인,1,,,
함03,1,,,
합격,1,,,
합동,1,,,
항목,1,,,
항일,1,,,
해독,1,,,
해상,1,,,
해석,1,,,
행복,1,,,
행사,1,,,
향심,1,,,
혁명,1,,,
현대,1,,,
현수,1,,,
현장,1,,,
현판,1,,,
현판,1,,,
현행,1,,,
협의,1,,,
협찬,1,,,
형사,1,,,
형편,1,,,
호구,1,,,
호수,1,,,
호실,1,,,
호응,1,,,
호조,1,,,
호텔,1,,,
혹01,1,,,
혹한,1,,,
혼선,1,,,
홍보,1,,,
화면,1,,,
화장,1,,,
화재,1,,,
화초,1,,,
화학,1,,,
화형,1,,,
확인,1,,,
환상,1,,,
환자,1,,,
회계,1,,,
회귀,1,,,
회수,1,,,
회신,1,,,
회의,1,,,
횟수,1,,,
후대,1,,,
후보,1,,,
후생,1,,,
훈련,1,,,
훈령,1,,,
훼손,1,,,
휠80,1,,,
휴가,1,,,
휴대,1,,,
휴양,1,,,
휴양,1,,,
휴양,1,,,
흙01,1,,,
희생,1,,,
감리,1,,,
경기,1,,,
경북,1,,,
경수,1,,,
고시,1,,,
고합,1,,,
공주,1,,,
관현,1,,,
광,1,,,
광금,1,,,
광대,1,,,
광생,1,,,
구,1,,,
권,1,,,
권03,1,,,
금산,1,,,
기,1,,,
기시,1,,,
기종,1,,,
노선,1,,,
농식,1,,,
단지,1,,,
대치,1,,,
대평,1,,,
련,1,,,
리지,1,,,
마05,1,,,
문,1,,,
문화,1,,,
미,1,,,
민,1,,,
배10,1,,,
백곡,1,,,
백금,1,,,
베트,1,,,
베트,1,,,
벽천,1,,,
병균,1,,,
병해,1,,,
분향,1,,,
불10,1,,,
사용,1,,,
서09,1,,,
서천,1,,,
석열,1,,,
설,1,,,
성,1,,,
성천,1,,,
세원,1,,,
소방,1,,,
수,1,,,
수석,1,,,
숙,1,,,
승,1,,,
시마,1,,,
식약,1,,,
신원,1,,,
신재,1,,,
실,1,,,
심07,1,,,
애80,1,,,
어05,1,,,
엄04,1,,,
영13,1,,,
영화,1,,,
오룡,1,,,
왕05,1,,,
용,1,,,
우,1,,,
울진,1,,,
위라,1,,,
익현,1,,,
인08,1,,,
인양,1,,,
일본,1,,,
일본,1,,,
장계,1,,,
정산,1,,,
제도,1,,,
지리,1,,,
지인,1,,,
진15,1,,,
진해,1,,,
찬,1,,,
찬비,1,,,
춘추,1,,,
충청,1,,,
칭,1,,,
택,1,,,
토지,1,,,
판석,1,,,
하05,1,,,
한10,1,,,
합천,1,,,
행,1,,,
행정,1,,,
현01,1,,,
형산,1,,,
황05,1,,,
훈,1,,,
흥규,1,,,
희,1,,,
가결,1,,,
가금,1,,,
가로등,1,,,
가마,1,,,
가산점,1,,,
가압,1,,,
간부,1,,,
간식,1,,,
간장,1,,,
간호사,1,,,
감독권,1,,,
감수성,1,,,
감시,1,,,
감점,1,,,
감축,1,,,
갑05,1,,,
강령,1,,,
강사,1,,,
강의실,1,,,
개막식,1,,,
개사,1,,,
개시,1,,,
개연,1,,,
개찰,1,,,
객관,1,,,
갭,1,,,
건80,1,,,
건전,1,,,
건조기,1,,,
검03,1,,,
검색,1,,,
검증,1,,,
게재,1,,,
격01,1,,,
격차,1,,,
견적,1,,,
결01,1,,,
결손,1,,,
결합,1,,,
경과,1,,,
경색,1,,,
경영난,1,,,
경영인,1,,,
경영체,1,,,
경우,1,,,
계단,1,,,
계절,1,,,
계통,1,,,
고급,1,,,
고도,1,,,
고령층,1,,,
고물,1,,,
고분군,1,,,
고서,1,,,
고액,1,,,
고정,1,,,
고조,1,,,
고질,1,,,
고착,1,,,
고취,1,,,
곤란,1,,,
골드,1,,,
골조,1,,,
골칫거리,1,,,
공가,1,,,
공감대,1,,,
공개,1,,,
공고,1,,,
공공용지,1,,,
공기,1,,,
공모전,1,,,
공문,1,,,
공백,1,,,
공사,1,,,
공사장,1,,,
공영,1,,,
공용,1,,,
공존,1,,,
공주,1,,,
공중,1,,,
공중위생,1,,,
공지,1,,,
공직,1,,,
공직자,1,,,
공탁,1,,,
공휴일,1,,,
과반,1,,,
과소,1,,,
과장,1,,,
과학,1,,,
관공서,1,,,
관람,1,,,
관련자,1,,,
관리소,1,,,
관리실,1,,,
관망,1,,,
관목,1,,,
관원,1,,,
관철,1,,,
관행,1,,,
교부금,1,,,
교신,1,,,
교육실,1,,,
교육청,1,,,
교정,1,,,
교통망,1,,,
구별,1,,,
국01,1,,,
국내,1,,,
국정,1,,,
국제,1,,,
군자,1,,,
굴착,1,,,
권고,1,,,
귀책,1,,,
규격,1,,,
규정,1,,,
균제,1,,,
그물망,1,,,
극04,1,,,
근06,1,,,
근절,1,,,
글,1,,,
글로벌,1,,,
금년,1,,,
금년도,1,,,
금융,1,,,
금지,1,,,
급증,1,,,
긍정,1,,,
기기,1,,,
기내,1,,,
기념탑,1,,,
기도,1,,,
기사,1,,,
기숙,1,,,
기실,1,,,
기와,1,,,
기일,1,,,
기조,1,,,
기피,1,,,
길조,1,,,
깃발,1,,,
나들이,1,,,
나무,1,,,
낙찰자,1,,,
난간,1,,,
난립,1,,,
난항,1,,,
남녀,1,,,
납기,1,,,
납세자,1,,,
납품,1,,,
낭비,1,,,
내과,1,,,
내년도,1,,,
내포,1,,,
노년,1,,,
노동력,1,,,
노동자,1,,,
노임,1,,,
녹지,1,,,
놀이터,1,,,
농경,1,,,
농경지,1,,,
농번기,1,,,
농부,1,,,
농사,1,,,
농업용수,1,,,
농작업,1,,,
농장주,1,,,
농정,1,,,
농축산물,1,,,
높이,1,,,
눈01,1,,,
능동,1,,,
다주택,1,,,
단기,1,,,
단대,1,,,
단련,1,,,
달05,1,,,
달빛,1,,,
답03,1,,,
당사자,1,,,
대대적,1,,,
대부,1,,,
대부분,1,,,
대수,1,,,
대여,1,,,
대장,1,,,
대중교통,1,,,
대토론회,1,,,
대파,1,,,
대학교,1,,,
대학생,1,,,
대행,1,,,
댐02,1,,,
도래,1,,,
도민,1,,,
도사,1,,,
도서관,1,,,
도시과,1,,,
도심,1,,,
도약,1,,,
도청,1,,,
독01,1,,,
독서실,1,,,
돌담,1,,,
동결,1,,,
동계,1,,,
동명,1,,,
동반,1,,,
동아리,1,,,
동영상,1,,,
동절,1,,,
동향,1,,,
두메산골,1,,,
두부,1,,,
등의자,1,,,
등재,1,,,
딸기,1,,,
때01,1,,,
라면,1,,,
락80,1,,,
랜드,1,,,
램05,1,,,
럼02,1,,,
로드,1,,,
로프,1,,,
리더십,1,,,
립80,1,,,
링크,1,,,
마실,1,,,
마찰,1,,,
만남,1,,,
만료,1,,,
만성,1,,,
만세,1,,,
매립,1,,,
매체,1,,,
매트,1,,,
맥01,1,,,
맵,1,,,
메밀,1,,,
메인,1,,,
면담,1,,,
면사무소,1,,,
모01,1,,,
모범,1,,,
모시,1,,,
모의,1,,,
모텔,1,,,
모형,1,,,
목욕,1,,,
목재,1,,,
목적,1,,,
묘소,1,,,
무논,1,,,
무농약,1,,,
무료,1,,,
무지,1,,,
무허가,1,,,
물건,1,,,
물색,1,,,
미관,1,,,
미등록,1,,,
미비점,1,,,
미숙,1,,,
미술관,1,,,
미식,1,,,
미완,1,,,
미용,1,,,
미팅,1,,,
미화원,1,,,
미확정,1,,,
민감,1,,,
민속,1,,,
밀도,1,,,
밀착,1,,,
밀착형,1,,,
박차,1,,,
밖,1,,,
반값,1,,,
반경,1,,,
반도체,1,,,
반사,1,,,
반응,1,,,
반환,1,,,
발생량,1,,,
발판,1,,,
발표회,1,,,
방면,1,,,
방방곡곡,1,,,
방사,1,,,
방사선,1,,,
방울토마토,1,,,
방치,1,,,
방침,1,,,
배달,1,,,
배려,1,,,
배분,1,,,
배우,1,,,
배우자,1,,,
배정,1,,,
배제,1,,,
배추,1,,,
배출량,1,,,
백곡,1,,,
번영,1,,,
벌06,1,,,
법규,1,,,
법원,1,,,
법적,1,,,
벽면,1,,,
벽체,1,,,
벽화,1,,,
병리,1,,,
병리사,1,,,
병합,1,,,
보고,1,,,
보고서,1,,,
보관,1,,,
보관함,1,,,
보금자리,1,,,
보물,1,,,
보안등,1,,,
보유액,1,,,
보존,1,,,
보좌관,1,,,
보통,1,,,
보편,1,,,
보행,1,,,
복귀,1,,,
복리,1,,,
복무,1,,,
복토,1,,,
봄철,1,,,
봉10,1,,,
봉사,1,,,
봉사자,1,,,
봉지,1,,,
봉황,1,,,
부각,1,,,
부름,1,,,
부문,1,,,
부부,1,,,
부분,1,,,
부상,1,,,
부위,1,,,
부응,1,,,
부진,1,,,
부추,1,,,
분교,1,,,
분말,1,,,
분묘,1,,,
분사,1,,,
분양,1,,,
분향,1,,,
불가항력,1,,,
불구,1,,,
불요불급,1,,,
붕괴,1,,,
비료,1,,,
비문,1,,,
비부,1,,,
비상벨,1,,,
비치,1,,,
빌딩,1,,,
빌라,1,,,
빨래,1,,,
빨래터,1,,,
사교육비,1,,,
사단,1,,,
사람,1,,,
사망률,1,,,
사망자,1,,,
사무장,1,,,
사법,1,,,
사비,1,,,
사수,1,,,
사잇길,1,,,
사적,1,,,
삭제,1,,,
산란,1,,,
산모,1,,,
산업별,1,,,
산채,1,,,
산책로,1,,,
산촌,1,,,
산출,1,,,
산하,1,,,
상가,1,,,
상급자,1,,,
상담실,1,,,
상설,1,,,
상업,1,,,
상인,1,,,
상임,1,,,
상자,1,,,
상정,1,,,
상존,1,,,
상표,1,,,
상한,1,,,
상행위,1,,,
상황실,1,,,
색채,1,,,
생계,1,,,
생계비,1,,,
생산력,1,,,
생산비,1,,,
생산품,1,,,
생일,1,,,
생존,1,,,
생태계,1,,,
샤워실,1,,,
서06,1,,,
서명,1,,,
서약,1,,,
석재,1,,,
석탑,1,,,
선거구,1,,,
선사,1,,,
선수,1,,,
선심,1,,,
선언,1,,,
선점,1,,,
선진,1,,,
선출,1,,,
선현,1,,,
설득력,1,,,
설문지,1,,,
성벽,1,,,
성수기,1,,,
성실,1,,,
성원,1,,,
성인,1,,,
성적,1,,,
성지,1,,,
세계,1,,,
세금,1,,,
세력,1,,,
세무사,1,,,
세분,1,,,
세수,1,,,
세일,1,,,
세입,1,,,
세탁기,1,,,
소각장,1,,,
소관,1,,,
소나무,1,,,
소농,1,,,
소득세,1,,,
소방서,1,,,
소비문화,1,,,
소비자,1,,,
소식지,1,,,
소실,1,,,
소포장,1,,,
소홀,1,,,
손실,1,,,
송금,1,,,
송수신,1,,,
송이,1,,,
쇼핑,1,,,
수감,1,,,
수강생,1,,,
수거함,1,,,
수납,1,,,
수도,1,,,
수령,1,,,
수록,1,,,
수박,1,,,
수사,1,,,
수산업,1,,,
수선,1,,,
수소,1,,,
수수료,1,,,
수액,1,,,
수영장,1,,,
수자원,1,,,
수장,1,,,
수중,1,,,
수출,1,,,
수치,1,,,
수확,1,,,
숙박업소,1,,,
순서,1,,,
순찰,1,,,
스케줄,1,,,
스쿨,1,,,
스타,1,,,
스터디,1,,,
스토리,1,,,
스틱,1,,,
습자,1,,,
승진,1,,,
시가지,1,,,
시공사,1,,,
시급,1,,,
시나리오,1,,,
시도,1,,,
시리즈물,1,,,
시민,1,,,
시상,1,,,
시식회,1,,,
시일,1,,,
시전,1,,,
시점,1,,,
식문화,1,,,
식중독,1,,,
신뢰도,1,,,
신원,1,,,
실과,1,,,
실리,1,,,
실무진,1,,,
실용,1,,,
실정,1,,,
실질,1,,,
실효,1,,,
심리,1,,,
심층,1,,,
아이템,1,,,
아카데미,1,,,
악성,1,,,
악순환,1,,,
안길,1,,,
안내,1,,,
안전선,1,,,
압력,1,,,
애국정신,1,,,
야영장,1,,,
야자,1,,,
약초,1,,,
약화,1,,,
양성소,1,,,
양수,1,,,
양이,1,,,
양일,1,,,
양호,1,,,
어촌,1,,,
언론,1,,,
언론사,1,,,
업계,1,,,
여가,1,,,
여비,1,,,
여유,1,,,
역촌,1,,,
연02,1,,,
연결,1,,,
연극,1,,,
연동,1,,,
연습,1,,,
연인원,1,,,
연찬,1,,,
연합,1,,,
염원,1,,,
영구,1,,,
영세,1,,,
영업,1,,,
영역,1,,,
영유아,1,,,
영치,1,,,
예우,1,,,
예정자,1,,,
예측,1,,,
오교,1,,,
오염,1,,,
오지,1,,,
옥상,1,,,
옥외,1,,,
온도,1,,,
올02,1,,,
옷01,1,,,
완공,1,,,
완벽,1,,,
완전,1,,,
외부인,1,,,
외식,1,,,
외지,1,,,
요구서,1,,,
요금,1,,,
요약,1,,,
요인,1,,,
요청,1,,,
용역업체,1,,,
용접,1,,,
우대,1,,,
우선,1,,,
운동화,1,,,
울타리,1,,,
원격,1,,,
원단,1,,,
원로,1,,,
원상,1,,,
원상회복,1,,,
원화,1,,,
월세,1,,,
월평균,1,,,
위반,1,,,
위상,1,,,
위주,1,,,
유교,1,,,
유료,1,,,
유발,1,,,
유아,1,,,
유예,1,,,
유용,1,,,
유적지,1,,,
유족,1,,,
유출,1,,,
유휴,1,,,
유휴지,1,,,
육군,1,,,
융자,1,,,
은하수,1,,,
은행,1,,,
음식물,1,,,
음영,1,,,
응급조치,1,,,
의거,1,,,
의무,1,,,
의사소통,1,,,
의존도,1,,,
의지,1,,,
이관,1,,,
이사,1,,,
이삿짐,1,,,
이설,1,,,
이식,1,,,
이용도,1,,,
이해,1,,,
익일,1,,,
인계,1,,,
인공,1,,,
인구수,1,,,
인삼,1,,,
인수인계,1,,,
인식,1,,,
인원수,1,,,
인재,1,,,
인터뷰,1,,,
일간지,1,,,
일괄,1,,,
일대일,1,,,
일률,1,,,
일몰,1,,,
일손,1,,,
일용,1,,,
일전,1,,,
일치,1,,,
임기제,1,,,
임산부,1,,,
임업,1,,,
임원,1,,,
임차인,1,,,
입찰,1,,,
자금,1,,,
자녀,1,,,
자동차세,1,,,
자립도,1,,,
자매,1,,,
자산,1,,,
자생,1,,,
작동,1,,,
작목,1,,,
작용,1,,,
잔치,1,,,
장교,1,,,
장기간,1,,,
장벽,1,,,
장수,1,,,
장지,1,,,
장치,1,,,
장터,1,,,
재건,1,,,
재고,1,,,
재기,1,,,
재무,1,,,
재탄생,1,,,
재택,1,,,
재판,1,,,
재학생,1,,,
저녁,1,,,
저변,1,,,
저하,1,,,
적응,1,,,
적자,1,,,
적재,1,,,
적정,1,,,
전경,1,,,
전년도,1,,,
전망,1,,,
전망대,1,,,
전문지,1,,,
전반,1,,,
전산실,1,,,
전시물,1,,,
전액,1,,,
전원,1,,,
전자,1,,,
전지,1,,,
전지훈련,1,,,
전직,1,,,
전통문화,1,,,
전파,1,,,
전학,1,,,
전화,1,,,
점포,1,,,
접대,1,,,
정규,1,,,
정도,1,,,
정례,1,,,
정립,1,,,
정보망,1,,,
정보화,1,,,
정수,1,,,
정신,1,,,
정예,1,,,
정지,1,,,
정차,1,,,
정체,1,,,
정치,1,,,
제실,1,,,
제전,1,,,
제조,1,,,
젤리,1,,,
조건,1,,,
조리,1,,,
조림,1,,,
조사반,1,,,
조율,1,,,
조절,1,,,
종기,1,,,
종사자,1,,,
종식,1,,,
종자,1,,,
주도형,1,,,
주부,1,,,
주색,1,,,
준설,1,,,
중계,1,,,
중고,1,,,
중대,1,,,
중부,1,,,
중부권,1,,,
중장년,1,,,
즉결,1,,,
증감,1,,,
증명,1,,,
증정,1,,,
지가,1,,,
지관,1,,,
지능,1,,,
지도자,1,,,
지불,1,,,
지서,1,,,
지양,1,,,
지역민,1,,,
지원단,1,,,
지원형,1,,,
지장,1,,,
직면,1,,,
직장인,1,,,
직접,1,,,
직판장,1,,,
진주,1,,,
질환,1,,,
집단,1,,,
집적,1,,,
징계,1,,,
차감,1,,,
차선,1,,,
차세대,1,,,
차수,1,,,
차이,1,,,
착지,1,,,
참전,1,,,
창호,1,,,
책자,1,,,
천문,1,,,
천안,1,,,
천자,1,,,
철새,1,,,
청명,1,,,
청사진,1,,,
청원,1,,,
청정,1,,,
체력,1,,,
체육회,1,,,
초고,1,,,
초동,1,,,
초등,1,,,
초빙,1,,,
초안,1,,,
초유,1,,,
촉구,1,,,
총괄,1,,,
총무,1,,,
최강전,1,,,
최대한,1,,,
최저,1,,,
최종심,1,,,
추계,1,,,
추구,1,,,
추심,1,,,
추천,1,,,
추체험,1,,,
추후,1,,,
축사,1,,,
축조물,1,,,
축하,1,,,
출산율,1,,,
출자,1,,,
출장,1,,,
충격,1,,,
취급,1,,,
취사장,1,,,
취업,1,,,
측정,1,,,
침범,1,,,
침하,1,,,
카드,1,,,
카드뮴,1,,,
카메라,1,,,
캡슐,1,,,
컨트롤,1,,,
컴,1,,,
케이블,1,,,
코로나,1,,,
코볼,1,,,
코스,1,,,
콘03,1,,,
콜택시,1,,,
콩나물,1,,,
클래식,1,,,
타01,1,,,
타일,1,,,
탄탄,1,,,
탈바꿈,1,,,
탈피,1,,,
태풍,1,,,
택배,1,,,
택시,1,,,
터널,1,,,
테니스장,1,,,
테스트,1,,,
토대,1,,,
토론,1,,,
토론회,1,,,
토마토,1,,,
토질,1,,,
통과,1,,,
통보,1,,,
통행,1,,,
퇴비,1,,,
투어,1,,,
투척,1,,,
트렌드,1,,,
특사,1,,,
특이,1,,,
특정,1,,,
특허,1,,,
특혜,1,,,
파고,1,,,
파종,1,,,
파지,1,,,
파트,1,,,
판단,1,,,
판로,1,,,
판매망,1,,,
패널,1,,,
패러다임,1,,,
페인트,1,,,
펜션,1,,,
평가제,1,,,
평준,1,,,
폐쇄,1,,,
포도,1,,,
포상금,1,,,
포인트,1,,,
폭등,1,,,
표방,1,,,
표준,1,,,
품격,1,,,
품사,1,,,
품위,1,,,
품종,1,,,
풍물,1,,,
프로젝트,1,,,
프리미엄,1,,,
피드백,1,,,
하늘,1,,,
하향,1,,,
학회,1,,,
한도,1,,,
한방,1,,,
할인,1,,,
합리,1,,,
합병,1,,,
합숙,1,,,
합의,1,,,
합창단,1,,,
항공,1,,,
항체,1,,,
해피,1,,,
행동,1,,,
행사장,1,,,
행어,1,,,
향교,1,,,
향인,1,,,
헬멧,1,,,
현미경,1,,,
현지,1,,,
협동조합,1,,,
협상,1,,,
형태,1,,,
호실,1,,,
호텔,1,,,
홍보과,1,,,
홍보물,1,,,
화랑,1,,,
화물차,1,,,
화산,1,,,
화재,1,,,
화폐,1,,,
환기,1,,,
활동비,1,,,
회원,1,,,
회장,1,,,
회피,1,,,
횡단보도,1,,,
효용,1,,,
후덕,1,,,
후문,1,,,
후손,1,,,
훈련장,1,,,
휘파람,1,,,
흥행,1,,,
가림,1,,,
감리,1,,,
강원,1,,,
건양대학교,1,,,
경기,1,,,
경기도,1,,,
경남,1,,,
경수,1,,,
관현리,1,,,
구룡리,1,,,
금산,1,,,
금정리,1,,,
기술,1,,,
난청,1,,,
단국대학교,1,,,
당진,1,,,
대봉리,1,,,
대업,1,,,
대치리,1,,,
대한민국,1,,,
동강리,1,,,
동연,1,,,
락지리,1,,,
록평리,1,,,
모곡리,1,,,
무연,1,,,
무한천,1,,,
문화재청,1,,,
미당리,1,,,
방한리,1,,,
백련,1,,,
보건복지부,1,,,
본의리,1,,,
봉수,1,,,
부산,1,,,
부여군,1,,,
불암,1,,,
산현,1,,,
상영,1,,,
성초,1,,,
수학,1,,,
순천,1,,,
승용,1,,,
신원리,1,,,
아산리,1,,,
안심리,1,,,
안전리,1,,,
양리,1,,,
온직리,1,,,
왕진리,1,,,
용두리,1,,,
용마리,1,,,
용오,1,,,
용천리,1,,,
원상,1,,,
인국,1,,,
인근,1,,,
인도,1,,,
작천리,1,,,
장곡리,1,,,
장재리,1,,,
재교,1,,,
정부,1,,,
지리,1,,,
지바,1,,,
지원,1,,,
창원,1,,,
천내리,1,,,
천마봉,1,,,
천안,1,,,
청일,1,,,
충북,1,,,
충청,1,,,
카카오톡,1,,,
클린,1,,,
평리,1,,,
한국농어촌공사,1,,,
한국자산관리공사,1,,,
해남리,1,,,
형산리,1,,,
화양리,1,,,
마곡사,1,,,
